id,name,created_at,updated_at,time_zone,default_language,city,street,zip,collective_agreement_id,cheat_sheet_hour_cut,social_tax,paid_breaks,show_real_and_planned_hours_on_planning,preferences,blocked,payroll_software_id,partner_id,country
75219,LABxxx,2024-02-28 14:39:51.683660 UTC,2024-04-03 06:36:50.549717 UTC,Pacific/Noumea,FR,Nouxxx,145xxxxxxxxxxxxxxxxxxxxx,988xx,2,18,30,false,true,"{""allow_duplication_of_schedule_over_more_weeks"":false,""automatically_generate_employee_ids"":false,""currency_iso_code"":""xpf"",""director_can_read_paid_leave_dashboard"":false,""directors_can_access_dashboard_rh"":false,""display_rewards_on_memberpage"":true,""display_shifts_from_other_teams"":true,""display_signature_for_planning_pdf"":true,""display_sunday_for_planning_pdf"":true,""display_week_hours_for_planning_pdf"":false,""employee_can_read_coworker_planning"":true,""employee_can_receive_sms_notification"":true,""enabled_conversation"":true,""hide_counters_alerts_planning_to_daily_worker"":true,""hide_weekly_rests_planning_unpublished"":true,""hr_dashboard_access_granted"":false,""include_over_hours_in_wages"":false,""lock_meals"":false,""manager_can_access_to_payroll"":true,""manager_can_read_all_salaries"":false,""manager_can_read_paid_leave_dashboard"":false,""manager_created_employees_plannable"":true,""planning_pdf_display_mode"":""true"",""prevent_overlapping_pay_periods"":true,""productivity_objective"":50,""quadra_paie_separator"":"":"",""report_evened_out_by_default"":false,""send_activities_report_mail_to_owner"":true,""uses_timeclock"":true}",false,quadra_paie,6905a394-2a55-4b71-ae39-41fefac8901a,NC
70509,La xxxxxxxxxxxxxxxxxxxxxxxxxxxxxxxxxxxxxxxxxx,2023-12-12 14:35:27.592552 UTC,2024-03-12 02:43:10.780273 UTC,Europe/Paris,ES,Mijxx,,,2,16,30,true,true,"{""allow_duplication_of_schedule_over_more_weeks"":true,""automatically_generate_employee_ids"":false,""currency_iso_code"":""eur"",""director_can_read_paid_leave_dashboard"":false,""directors_can_access_dashboard_rh"":false,""display_rewards_on_memberpage"":true,""display_shifts_from_other_teams"":false,""display_signature_for_planning_pdf"":true,""display_sunday_for_planning_pdf"":true,""display_week_hours_for_planning_pdf"":false,""employee_can_read_coworker_planning"":true,""employee_can_receive_sms_notification"":false,""enabled_conversation"":true,""hide_counters_alerts_planning_to_daily_worker"":true,""hide_weekly_rests_planning_unpublished"":true,""hr_dashboard_access_granted"":false,""include_over_hours_in_wages"":false,""lock_meals"":false,""manager_can_access_to_payroll"":true,""manager_can_read_all_salaries"":false,""manager_can_read_paid_leave_dashboard"":false,""manager_created_employees_plannable"":true,""minimum_days_for_timeoff_request"":15,""planning_pdf_display_mode"":""true"",""prevent_overlapping_pay_periods"":true,""productivity_objective"":50,""quadra_paie_separator"":"":"",""report_evened_out_by_default"":false,""send_activities_report_mail_to_owner"":true,""uses_timeclock"":true}",false,default,339590db-fccb-405c-b9ea-f5f06f6784ed,ES
75247,Gruxxxxxxxxxxx,2024-02-28 17:58:32.969744 UTC,2024-04-02 10:12:39.345784 UTC,Europe/Paris,ES,Murxxx,,,2,18,32,true,true,"{""allow_duplication_of_schedule_over_more_weeks"":false,""automatically_generate_employee_ids"":false,""currency_iso_code"":""eur"",""director_can_read_paid_leave_dashboard"":false,""directors_can_access_dashboard_rh"":false,""display_rewards_on_memberpage"":true,""display_shifts_from_other_teams"":false,""display_signature_for_planning_pdf"":true,""display_sunday_for_planning_pdf"":true,""display_week_hours_for_planning_pdf"":false,""employee_can_read_coworker_planning"":false,""employee_can_receive_sms_notification"":false,""enabled_conversation"":true,""hide_counters_alerts_planning_to_daily_worker"":true,""hide_weekly_rests_planning_unpublished"":true,""hr_dashboard_access_granted"":false,""include_over_hours_in_wages"":true,""lock_meals"":false,""manager_can_access_to_payroll"":true,""manager_can_read_all_salaries"":true,""manager_can_read_paid_leave_dashboard"":false,""manager_created_employees_plannable"":true,""minimum_days_for_timeoff_request"":10,""planning_pdf_display_mode"":""true"",""prevent_overlapping_pay_periods"":true,""productivity_objective"":50,""quadra_paie_separator"":"":"",""report_evened_out_by_default"":true,""send_activities_report_mail_to_owner"":true,""uses_timeclock"":true}",false,default,12083d57-5470-4761-b4eb-7a05f324e7d0,ES
35722,Delxxxxxx,2022-09-19 08:45:11.350435 UTC,2024-03-12 07:48:12.530342 UTC,Europe/Paris,FR,Parxx,Garxxxxxxxxxxxxxxxxxxxxxxxxxx,750xx,2,16,30,false,true,"{""allow_duplication_of_schedule_over_more_weeks"":true,""automatically_generate_employee_ids"":false,""currency_iso_code"":""eur"",""director_can_read_paid_leave_dashboard"":false,""directors_can_access_dashboard_rh"":false,""display_rewards_on_memberpage"":true,""display_shifts_from_other_teams"":false,""display_signature_for_planning_pdf"":true,""display_sunday_for_planning_pdf"":true,""display_week_hours_for_planning_pdf"":false,""employee_can_read_coworker_planning"":true,""employee_can_receive_sms_notification"":false,""enabled_conversation"":true,""hide_counters_alerts_planning_to_daily_worker"":true,""hide_weekly_rests_planning_unpublished"":false,""hr_dashboard_access_granted"":false,""include_over_hours_in_wages"":true,""lock_meals"":false,""manager_can_access_to_payroll"":true,""manager_can_read_all_salaries"":false,""manager_can_read_paid_leave_dashboard"":false,""manager_created_employees_plannable"":true,""minimum_days_for_timeoff_request"":30,""planning_pdf_display_mode"":""true"",""prevent_overlapping_pay_periods"":true,""productivity_objective"":200,""quadra_paie_separator"":"":"",""report_evened_out_by_default"":true,""send_activities_report_mail_to_owner"":true,""uses_timeclock"":true}",false,default,5ab253a9-e0d3-498c-96ed-227c13a31278,FR
32776,Pacxxxxxxxxx,2022-07-31 20:58:06.933754 UTC,2024-04-07 02:45:07.330072 UTC,Europe/Paris,FR,,,,2,18,32,false,true,"{""allow_duplication_of_schedule_over_more_weeks"":false,""automatically_generate_employee_ids"":false,""currency_iso_code"":""eur"",""director_can_read_paid_leave_dashboard"":false,""directors_can_access_dashboard_rh"":true,""display_shifts_from_other_teams"":false,""display_signature_for_planning_pdf"":true,""display_sunday_for_planning_pdf"":true,""display_week_hours_for_planning_pdf"":true,""employee_can_read_coworker_planning"":false,""employee_can_receive_sms_notification"":false,""enabled_conversation"":true,""hide_counters_alerts_planning_to_daily_worker"":true,""hide_weekly_rests_planning_unpublished"":true,""hr_dashboard_access_granted"":false,""include_over_hours_in_wages"":false,""lock_meals"":false,""manager_can_access_to_payroll"":true,""manager_can_read_all_salaries"":true,""manager_can_read_paid_leave_dashboard"":false,""manager_created_employees_plannable"":true,""minimum_days_for_timeoff_request"":7,""prevent_overlapping_pay_periods"":true,""productivity_objective"":50,""quadra_paie_separator"":"":"",""report_evened_out_by_default"":true,""send_activities_report_mail_to_owner"":true,""uses_timeclock"":true}",false,silae,4d6ee014-1413-4c79-b468-297062eb0c5f,FR
3455,Groxxxxxxxxxxxxxxxxxxx,2018-02-21 13:48:30.221816 UTC,2023-12-21 15:55:28.155533 UTC,Europe/Paris,FR,Valxxxx,285xxxxxxxxxxxxxxxxxxxx,260xx,2,15,30,false,true,"{""allow_duplication_of_schedule_over_more_weeks"":false,""automatically_generate_employee_ids"":false,""currency_iso_code"":""eur"",""director_can_read_paid_leave_dashboard"":true,""directors_can_access_dashboard_rh"":false,""display_rewards_on_memberpage"":true,""display_shifts_from_other_teams"":false,""display_signature_for_planning_pdf"":true,""display_sunday_for_planning_pdf"":true,""display_week_hours_for_planning_pdf"":true,""employee_can_read_coworker_planning"":true,""employee_can_receive_sms_notification"":false,""enabled_conversation"":true,""hide_counters_alerts_planning_to_daily_worker"":false,""hide_weekly_rests_planning_unpublished"":true,""hr_dashboard_access_granted"":false,""include_over_hours_in_wages"":false,""lock_meals"":true,""manager_can_access_to_payroll"":false,""manager_can_read_all_salaries"":false,""manager_can_read_paid_leave_dashboard"":true,""manager_created_employees_plannable"":true,""minimum_days_for_timeoff_request"":null,""planning_pdf_display_mode"":""normal"",""prevent_overlapping_pay_periods"":true,""productivity_objective"":50,""quadra_paie_separator"":"":"",""report_evened_out_by_default"":true,""send_activities_report_mail_to_owner"":false,""uses_timeclock"":false}",false,silae,228f584d-b303-4222-8a93-1c23c3e239bd,FR
26520,Insxxxxxxxxxxxxxx,2022-03-23 13:55:55.603010 UTC,2024-03-28 02:43:51.762823 UTC,Europe/Paris,FR,Borxxxxx,35 xxxxxxxxxxxxxxx,333xx,2,15,30,false,true,"{""allow_duplication_of_schedule_over_more_weeks"":false,""automatically_generate_employee_ids"":false,""currency_iso_code"":""eur"",""director_can_read_paid_leave_dashboard"":false,""directors_can_access_dashboard_rh"":false,""display_shifts_from_other_teams"":false,""display_signature_for_planning_pdf"":true,""display_sunday_for_planning_pdf"":true,""display_week_hours_for_planning_pdf"":false,""employee_can_read_coworker_planning"":true,""employee_can_receive_sms_notification"":false,""enabled_conversation"":true,""hide_counters_alerts_planning_to_daily_worker"":true,""hide_weekly_rests_planning_unpublished"":true,""hr_dashboard_access_granted"":false,""include_over_hours_in_wages"":false,""lock_meals"":false,""manager_can_access_to_payroll"":true,""manager_can_read_all_salaries"":false,""manager_can_read_paid_leave_dashboard"":false,""manager_created_employees_plannable"":true,""prevent_overlapping_pay_periods"":true,""productivity_objective"":50,""quadra_paie_separator"":"":"",""report_evened_out_by_default"":true,""send_activities_report_mail_to_owner"":true,""uses_timeclock"":false}",false,paie_rh,996aef77-3855-472f-b0af-95d2f572ba2a,FR
15686,Socxxxxxxxxxxxxxxxxxxxxxxxxxxxxxxxxxxxxx,2021-07-12 11:29:45.384971 UTC,2024-03-21 10:02:36.864233 UTC,Europe/Paris,FR,Parxx,"24,xxxxxxxxxxxxxxx",750xx,2,15,30,false,true,"{""allow_duplication_of_schedule_over_more_weeks"":false,""automatically_generate_employee_ids"":false,""currency_iso_code"":""eur"",""director_can_read_paid_leave_dashboard"":false,""directors_can_access_dashboard_rh"":true,""display_rewards_on_memberpage"":true,""display_shifts_from_other_teams"":false,""display_signature_for_planning_pdf"":true,""display_sunday_for_planning_pdf"":true,""display_week_hours_for_planning_pdf"":false,""employee_can_read_coworker_planning"":true,""employee_can_receive_sms_notification"":false,""enabled_conversation"":true,""hide_counters_alerts_planning_to_daily_worker"":false,""hide_weekly_rests_planning_unpublished"":true,""hr_dashboard_access_granted"":false,""include_over_hours_in_wages"":false,""lock_meals"":false,""manager_can_access_to_payroll"":true,""manager_can_read_all_salaries"":false,""manager_can_read_paid_leave_dashboard"":false,""manager_created_employees_plannable"":true,""planning_pdf_display_mode"":""normal"",""prevent_overlapping_pay_periods"":true,""productivity_objective"":50,""quadra_paie_separator"":"":"",""report_evened_out_by_default"":false,""send_activities_report_mail_to_owner"":true,""uses_timeclock"":true}",false,default,159b6c93-1a99-459b-b259-64caba952d52,FR
22705,DENxxxxxxxxxxxxxxxxxx,2022-01-10 14:37:37.919942 UTC,2023-09-12 06:54:29.127592 UTC,Europe/Paris,FR,Aubxxxx,41 xxxxxxxxxxxxxxx,072xx,2,13,30,false,true,"{""allow_duplication_of_schedule_over_more_weeks"":true,""automatically_generate_employee_ids"":false,""currency_iso_code"":""eur"",""director_can_read_paid_leave_dashboard"":false,""directors_can_access_dashboard_rh"":false,""display_shifts_from_other_teams"":true,""display_signature_for_planning_pdf"":true,""display_sunday_for_planning_pdf"":true,""display_week_hours_for_planning_pdf"":false,""employee_can_read_coworker_planning"":true,""employee_can_receive_sms_notification"":false,""enabled_conversation"":true,""hide_counters_alerts_planning_to_daily_worker"":false,""hide_weekly_rests_planning_unpublished"":true,""hr_dashboard_access_granted"":false,""include_over_hours_in_wages"":false,""lock_meals"":false,""manager_can_access_to_payroll"":true,""manager_can_read_all_salaries"":false,""manager_can_read_paid_leave_dashboard"":false,""manager_created_employees_plannable"":true,""minimum_days_for_timeoff_request"":15,""prevent_overlapping_pay_periods"":true,""productivity_objective"":150,""quadra_paie_separator"":"":"",""report_evened_out_by_default"":false,""send_activities_report_mail_to_owner"":true,""uses_timeclock"":true}",false,default,7891843b-f621-4562-93aa-11fc562bf429,FR
12680,LE xxxxxxxxxxxxxxxxxxxxxxxxxxxxxx,2021-03-26 07:31:49.161413 UTC,2024-04-01 02:45:18.512176 UTC,Europe/Paris,FR,PARxx,8 rxxxxxxxxxxxxxxxxxxxxxxxx,750xx,2,18,37,false,true,"{""allow_duplication_of_schedule_over_more_weeks"":false,""automatically_generate_employee_ids"":true,""currency_iso_code"":""eur"",""director_can_read_paid_leave_dashboard"":false,""directors_can_access_dashboard_rh"":true,""display_rewards_on_memberpage"":true,""display_shifts_from_other_teams"":true,""display_signature_for_planning_pdf"":true,""display_sunday_for_planning_pdf"":true,""display_week_hours_for_planning_pdf"":false,""employee_can_read_coworker_planning"":true,""employee_can_receive_sms_notification"":false,""enabled_conversation"":true,""hide_counters_alerts_planning_to_daily_worker"":true,""hide_weekly_rests_planning_unpublished"":false,""hr_dashboard_access_granted"":false,""include_over_hours_in_wages"":true,""lock_meals"":true,""manager_can_access_to_payroll"":false,""manager_can_read_all_salaries"":true,""manager_can_read_paid_leave_dashboard"":false,""manager_created_employees_plannable"":true,""minimum_days_for_timeoff_request"":0,""planning_pdf_display_mode"":""true"",""prevent_overlapping_pay_periods"":true,""productivity_objective"":50,""quadra_paie_separator"":"":"",""report_evened_out_by_default"":false,""send_activities_report_mail_to_owner"":true,""uses_timeclock"":false}",false,silae,f99387b4-2fa0-4ddd-a999-8041df87e309,FR
63858,McFxxxxxxx,2023-08-21 13:31:25.127828 UTC,2024-03-19 02:40:17.754052 UTC,Europe/Brussels,FR,Ixexxxx,Chaxxxxxxxxxxxxxxxxxxxxx,105x,2,16,30,false,true,"{""allow_duplication_of_schedule_over_more_weeks"":false,""automatically_generate_employee_ids"":false,""currency_iso_code"":""eur"",""director_can_read_paid_leave_dashboard"":true,""directors_can_access_dashboard_rh"":true,""display_rewards_on_memberpage"":true,""display_shifts_from_other_teams"":true,""display_signature_for_planning_pdf"":true,""display_sunday_for_planning_pdf"":false,""display_week_hours_for_planning_pdf"":true,""employee_can_read_coworker_planning"":true,""employee_can_receive_sms_notification"":true,""enabled_conversation"":true,""hide_counters_alerts_planning_to_daily_worker"":true,""hide_weekly_rests_planning_unpublished"":true,""hr_dashboard_access_granted"":false,""include_over_hours_in_wages"":false,""lock_meals"":true,""manager_can_access_to_payroll"":true,""manager_can_read_all_salaries"":false,""manager_can_read_paid_leave_dashboard"":false,""manager_created_employees_plannable"":true,""minimum_days_for_timeoff_request"":null,""prevent_overlapping_pay_periods"":true,""productivity_objective"":50,""quadra_paie_separator"":"":"",""report_evened_out_by_default"":false,""send_activities_report_mail_to_owner"":true,""uses_timeclock"":true}",false,default,41ff8651-4d91-4239-8884-49c636d97940,BE
16142,Pitxxxxxxxxx,2021-07-28 13:16:44.325077 UTC,2022-09-03 11:45:16.713282 UTC,Europe/Paris,FR,Masxx,31 xxxxxxxxxxxxx,913xx,2,17,30,false,true,"{""allow_duplication_of_schedule_over_more_weeks"":false,""automatically_generate_employee_ids"":false,""currency_iso_code"":""eur"",""director_can_read_paid_leave_dashboard"":false,""directors_can_access_dashboard_rh"":false,""display_shifts_from_other_teams"":false,""display_signature_for_planning_pdf"":true,""display_sunday_for_planning_pdf"":true,""display_week_hours_for_planning_pdf"":false,""employee_can_read_coworker_planning"":false,""employee_can_receive_sms_notification"":false,""enabled_conversation"":true,""hide_counters_alerts_planning_to_daily_worker"":false,""hide_weekly_rests_planning_unpublished"":true,""include_over_hours_in_wages"":false,""lock_meals"":false,""manager_can_access_to_payroll"":true,""manager_can_read_all_salaries"":false,""manager_can_read_paid_leave_dashboard"":false,""manager_created_employees_plannable"":true,""prevent_overlapping_pay_periods"":true,""productivity_objective"":50,""report_evened_out_by_default"":false,""send_activities_report_mail_to_owner"":true,""uses_timeclock"":true}",false,default,37cb76e0-7bb2-486f-b023-964861d8b20f,FR
73406,MASxxx,2024-01-30 15:08:33.328951 UTC,2024-04-05 15:32:54.386397 UTC,Europe/Paris,FR,PARxx,"62,xxxxxxxxxxxxxxxxxxxxxx",750xx,2,15,30,false,true,"{""allow_duplication_of_schedule_over_more_weeks"":false,""automatically_generate_employee_ids"":false,""currency_iso_code"":""eur"",""director_can_read_paid_leave_dashboard"":true,""directors_can_access_dashboard_rh"":true,""display_rewards_on_memberpage"":true,""display_shifts_from_other_teams"":false,""display_signature_for_planning_pdf"":true,""display_sunday_for_planning_pdf"":true,""display_week_hours_for_planning_pdf"":false,""employee_can_read_coworker_planning"":true,""employee_can_receive_sms_notification"":true,""enabled_conversation"":true,""hide_counters_alerts_planning_to_daily_worker"":true,""hide_weekly_rests_planning_unpublished"":true,""hr_dashboard_access_granted"":false,""include_over_hours_in_wages"":false,""lock_meals"":false,""manager_can_access_to_payroll"":true,""manager_can_read_all_salaries"":true,""manager_can_read_paid_leave_dashboard"":true,""manager_created_employees_plannable"":true,""minimum_days_for_timeoff_request"":30,""planning_pdf_display_mode"":""true"",""prevent_overlapping_pay_periods"":true,""productivity_objective"":50,""quadra_paie_separator"":"":"",""report_evened_out_by_default"":false,""send_activities_report_mail_to_owner"":true,""uses_timeclock"":false}",false,silae,6c442289-46eb-4517-b0f2-98b389cd9041,FR
56199,Atexxxxxxxxxxxx,2023-04-27 09:31:34.940968 UTC,2024-03-16 12:21:11.639163 UTC,Europe/Paris,FR,Aixxxxxxxxxxx,45 xxxxxxxxxxxxxxxxxxxxxxxxxxxxxxxxxxxxxxxxxxxx,731xx,2,17,30,false,false,"{""allow_duplication_of_schedule_over_more_weeks"":true,""automatically_generate_employee_ids"":true,""currency_iso_code"":""eur"",""director_can_read_paid_leave_dashboard"":false,""directors_can_access_dashboard_rh"":false,""display_rewards_on_memberpage"":true,""display_shifts_from_other_teams"":false,""display_signature_for_planning_pdf"":true,""display_sunday_for_planning_pdf"":true,""display_week_hours_for_planning_pdf"":false,""employee_can_read_coworker_planning"":false,""employee_can_receive_sms_notification"":false,""enabled_conversation"":false,""hide_counters_alerts_planning_to_daily_worker"":false,""hide_weekly_rests_planning_unpublished"":false,""hr_dashboard_access_granted"":false,""include_over_hours_in_wages"":false,""lock_meals"":false,""manager_can_access_to_payroll"":true,""manager_can_read_all_salaries"":false,""manager_can_read_paid_leave_dashboard"":false,""manager_created_employees_plannable"":false,""minimum_days_for_timeoff_request"":30,""planning_pdf_display_mode"":""normal"",""prevent_overlapping_pay_periods"":true,""productivity_objective"":50,""quadra_paie_separator"":"":"",""report_evened_out_by_default"":false,""send_activities_report_mail_to_owner"":true,""uses_timeclock"":true}",false,default,2ef45a49-b4cb-4d30-b610-12d4faac7bf6,FR
5545,La xxxxxxxxxxxxxxxxxxx,2019-02-12 16:57:47.000354 UTC,2024-03-15 02:42:33.582631 UTC,Europe/Paris,FR,Touxxxxx,56 xxxxxxxxxxxxxxxxxxxxx,310xx,2,14,30,false,true,"{""allow_duplication_of_schedule_over_more_weeks"":false,""automatically_generate_employee_ids"":false,""currency_iso_code"":""eur"",""director_can_read_paid_leave_dashboard"":false,""directors_can_access_dashboard_rh"":false,""display_rewards_on_memberpage"":true,""display_shifts_from_other_teams"":false,""display_signature_for_planning_pdf"":true,""display_sunday_for_planning_pdf"":true,""display_week_hours_for_planning_pdf"":false,""employee_can_read_coworker_planning"":false,""employee_can_receive_sms_notification"":false,""enabled_conversation"":true,""hide_counters_alerts_planning_to_daily_worker"":false,""hide_weekly_rests_planning_unpublished"":true,""hr_dashboard_access_granted"":false,""include_over_hours_in_wages"":false,""lock_meals"":false,""manager_can_access_to_payroll"":true,""manager_can_read_all_salaries"":false,""manager_can_read_paid_leave_dashboard"":false,""manager_created_employees_plannable"":true,""minimum_days_for_timeoff_request"":20,""planning_pdf_display_mode"":""normal"",""prevent_overlapping_pay_periods"":true,""productivity_objective"":50,""quadra_paie_separator"":"":"",""report_evened_out_by_default"":false,""send_activities_report_mail_to_owner"":true,""uses_timeclock"":false}",false,silae,4904171e-5bfb-4b79-b82c-5aa4f333a944,FR
3177,Merxxxxxxxxxxxxxxxxxxxxxxx,2018-01-03 10:18:59.833885 UTC,2024-03-10 02:43:25.339554 UTC,Europe/Paris,FR,Parxx,56 xxxxxxxxxxxxx,750xx,3,11,30,false,true,"{""allow_duplication_of_schedule_over_more_weeks"":false,""automatically_generate_employee_ids"":false,""currency_iso_code"":""eur"",""director_can_read_paid_leave_dashboard"":false,""directors_can_access_dashboard_rh"":false,""display_rewards_on_memberpage"":true,""display_shifts_from_other_teams"":true,""display_signature_for_planning_pdf"":true,""display_sunday_for_planning_pdf"":true,""display_week_hours_for_planning_pdf"":true,""employee_can_read_coworker_planning"":true,""employee_can_receive_sms_notification"":false,""enabled_conversation"":true,""enabled_convesation"":true,""hide_counters_alerts_planning_to_daily_worker"":true,""hide_weekly_rests_planning_unpublished"":true,""hr_dashboard_access_granted"":false,""include_over_hours_in_wages"":false,""lock_meals"":false,""manager_can_access_to_payroll"":true,""manager_can_read_all_salaries"":true,""manager_can_read_paid_leave_dashboard"":false,""manager_created_employees_plannable"":true,""minimum_days_for_timeoff_request"":30,""planning_pdf_display_mode"":""normal"",""prevent_overlapping_pay_periods"":true,""productivity_objective"":50,""quadra_paie_separator"":"":"",""report_evened_out_by_default"":false,""send_activities_report_mail_to_owner"":false,""uses_timeclock"":false}",false,silae,92d0c5c9-2f9d-4661-9f2c-6cce6d870751,FR
23535,GROxxxxxxxxx,2022-01-26 09:51:14.494406 UTC,2024-03-29 02:43:55.561257 UTC,Europe/Paris,FR,TROxxx,2 Rxxxxxxxxxxxx,,2,17,20,false,true,"{""allow_duplication_of_schedule_over_more_weeks"":false,""automatically_generate_employee_ids"":true,""currency_iso_code"":""eur"",""director_can_read_paid_leave_dashboard"":true,""directors_can_access_dashboard_rh"":false,""display_rewards_on_memberpage"":true,""display_shifts_from_other_teams"":false,""display_signature_for_planning_pdf"":true,""display_sunday_for_planning_pdf"":true,""display_week_hours_for_planning_pdf"":true,""employee_can_read_coworker_planning"":true,""employee_can_receive_sms_notification"":true,""enabled_conversation"":true,""hide_counters_alerts_planning_to_daily_worker"":true,""hide_weekly_rests_planning_unpublished"":true,""hr_dashboard_access_granted"":false,""include_over_hours_in_wages"":true,""lock_meals"":true,""manager_can_access_to_payroll"":true,""manager_can_read_all_salaries"":true,""manager_can_read_paid_leave_dashboard"":true,""manager_created_employees_plannable"":true,""minimum_days_for_timeoff_request"":30,""planning_pdf_display_mode"":""normal"",""prevent_overlapping_pay_periods"":true,""productivity_objective"":50,""quadra_paie_separator"":"":"",""report_evened_out_by_default"":true,""send_activities_report_mail_to_owner"":true,""uses_timeclock"":true}",false,silae,ed8ffff1-e67c-46b2-a8cd-beded10b18d1,FR
49691,Arkxxxxxxxxxxxxxxxxxxxxxxxxxx,2023-03-17 10:25:44.383391 UTC,2024-03-27 02:42:49.445953 UTC,Europe/Paris,FR,Parxx,21 xxxxxxxxxxxxx,750xx,2,15,30,false,true,"{""allow_duplication_of_schedule_over_more_weeks"":false,""automatically_generate_employee_ids"":false,""currency_iso_code"":""eur"",""director_can_read_paid_leave_dashboard"":false,""directors_can_access_dashboard_rh"":true,""display_rewards_on_memberpage"":true,""display_shifts_from_other_teams"":false,""display_signature_for_planning_pdf"":true,""display_sunday_for_planning_pdf"":true,""display_week_hours_for_planning_pdf"":false,""employee_can_read_coworker_planning"":true,""employee_can_receive_sms_notification"":false,""enabled_conversation"":true,""hide_counters_alerts_planning_to_daily_worker"":true,""hide_weekly_rests_planning_unpublished"":true,""hr_dashboard_access_granted"":false,""include_over_hours_in_wages"":true,""lock_meals"":false,""manager_can_access_to_payroll"":true,""manager_can_read_all_salaries"":true,""manager_can_read_paid_leave_dashboard"":false,""manager_created_employees_plannable"":true,""minimum_days_for_timeoff_request"":20,""planning_pdf_display_mode"":""normal"",""prevent_overlapping_pay_periods"":true,""productivity_objective"":50,""quadra_paie_separator"":"":"",""report_evened_out_by_default"":true,""send_activities_report_mail_to_owner"":true,""uses_timeclock"":false}",false,default,da78a972-a414-420f-a000-a4b05ac5c43e,FR
8823,SASxxxxxxxxxxxxxxxxxxxxxxxxxx,2020-03-09 16:19:38.674885 UTC,2024-03-25 02:40:42.697687 UTC,Europe/Paris,FR,MONxxxxxxxx,858xxxxxxxxxxxxxxxxxxx,340xx,2,13,30,false,true,"{""allow_duplication_of_schedule_over_more_weeks"":false,""automatically_generate_employee_ids"":false,""currency_iso_code"":""eur"",""director_can_read_paid_leave_dashboard"":false,""directors_can_access_dashboard_rh"":false,""display_rewards_on_memberpage"":true,""display_shifts_from_other_teams"":true,""display_signature_for_planning_pdf"":true,""display_sunday_for_planning_pdf"":true,""display_week_hours_for_planning_pdf"":true,""employee_can_read_coworker_planning"":true,""employee_can_receive_sms_notification"":false,""enabled_conversation"":true,""hide_counters_alerts_planning_to_daily_worker"":false,""hide_weekly_rests_planning_unpublished"":true,""hr_dashboard_access_granted"":false,""include_over_hours_in_wages"":true,""lock_meals"":false,""manager_can_access_to_payroll"":true,""manager_can_read_all_salaries"":true,""manager_can_read_paid_leave_dashboard"":false,""manager_created_employees_plannable"":true,""minimum_days_for_timeoff_request"":null,""planning_pdf_display_mode"":""normal"",""prevent_overlapping_pay_periods"":true,""productivity_objective"":50,""quadra_paie_separator"":"":"",""report_evened_out_by_default"":false,""send_activities_report_mail_to_owner"":true,""uses_timeclock"":false}",false,silae,6a45f099-baa4-48a6-8355-ce5298473cea,FR
7134,Thaxxxxxxxxxxxxxxxxxxxxx,2019-09-19 14:20:56.190379 UTC,2024-03-11 02:42:05.472133 UTC,Europe/Paris,FR,Parxx,44 xxxxxxxxxxxxxx, 75xxx,2,15,30,false,true,"{""allow_duplication_of_schedule_over_more_weeks"":false,""automatically_generate_employee_ids"":false,""currency_iso_code"":""eur"",""director_can_read_paid_leave_dashboard"":false,""directors_can_access_dashboard_rh"":false,""display_shifts_from_other_teams"":true,""display_signature_for_planning_pdf"":true,""display_sunday_for_planning_pdf"":true,""display_week_hours_for_planning_pdf"":false,""employee_can_read_coworker_planning"":false,""employee_can_receive_sms_notification"":false,""enabled_conversation"":false,""hide_counters_alerts_planning_to_daily_worker"":false,""hide_weekly_rests_planning_unpublished"":true,""include_over_hours_in_wages"":false,""lock_meals"":false,""manager_can_access_to_payroll"":true,""manager_can_read_all_salaries"":true,""manager_can_read_paid_leave_dashboard"":false,""manager_created_employees_plannable"":true,""minimum_days_for_timeoff_request"":15,""prevent_overlapping_pay_periods"":true,""productivity_objective"":200,""report_evened_out_by_default"":true,""send_activities_report_mail_to_owner"":true,""uses_timeclock"":true}",false,default,e51a7375-239f-4316-be40-d9464b9deef2,FR
8763,MANxxxxxxxxxxxxx,2020-03-04 14:10:28.491353 UTC,2024-04-04 02:40:50.801770 UTC,Europe/Paris,FR,Aixxxxxxxxxxxxx,14 xxxxxxxxxxxxxxxx,131xx,2,18,30,false,true,"{""allow_duplication_of_schedule_over_more_weeks"":false,""automatically_generate_employee_ids"":false,""currency_iso_code"":""eur"",""director_can_read_paid_leave_dashboard"":false,""directors_can_access_dashboard_rh"":false,""display_shifts_from_other_teams"":false,""display_signature_for_planning_pdf"":true,""display_sunday_for_planning_pdf"":true,""display_week_hours_for_planning_pdf"":false,""employee_can_read_coworker_planning"":true,""employee_can_receive_sms_notification"":false,""enabled_conversation"":false,""hide_counters_alerts_planning_to_daily_worker"":false,""hide_weekly_rests_planning_unpublished"":true,""include_over_hours_in_wages"":true,""lock_meals"":true,""manager_can_access_to_payroll"":true,""manager_can_read_all_salaries"":true,""manager_can_read_paid_leave_dashboard"":false,""manager_created_employees_plannable"":true,""minimum_days_for_timeoff_request"":15,""prevent_overlapping_pay_periods"":true,""productivity_objective"":30,""report_evened_out_by_default"":true,""send_activities_report_mail_to_owner"":true,""uses_timeclock"":true}",false,payfit,e13fd473-efdf-4e91-94d2-71291b1da984,FR
77311,SASxxxxxxxxxxxxxxx,2024-04-05 05:51:07.707724 UTC,2024-04-05 05:52:38.724325 UTC,Europe/Paris,FR,PARxxxxx,5 Rxxxxxxxxxx,750xx,2,15,30,false,true,"{""allow_duplication_of_schedule_over_more_weeks"":false,""automatically_generate_employee_ids"":false,""currency_iso_code"":""eur"",""director_can_read_paid_leave_dashboard"":false,""directors_can_access_dashboard_rh"":false,""display_rewards_on_memberpage"":true,""display_shifts_from_other_teams"":false,""display_signature_for_planning_pdf"":true,""display_sunday_for_planning_pdf"":true,""display_week_hours_for_planning_pdf"":false,""employee_can_read_coworker_planning"":true,""employee_can_receive_sms_notification"":false,""enabled_conversation"":true,""hide_counters_alerts_planning_to_daily_worker"":true,""hide_weekly_rests_planning_unpublished"":true,""hr_dashboard_access_granted"":false,""include_over_hours_in_wages"":false,""lock_meals"":false,""manager_can_access_to_payroll"":true,""manager_can_read_all_salaries"":false,""manager_can_read_paid_leave_dashboard"":false,""manager_created_employees_plannable"":true,""planning_pdf_display_mode"":""normal"",""prevent_overlapping_pay_periods"":true,""productivity_objective"":50,""quadra_paie_separator"":"":"",""report_evened_out_by_default"":false,""send_activities_report_mail_to_owner"":true,""uses_timeclock"":false}",false,default,37078c00-a1f2-4a8f-bcb6-c9277b344a4a,FR
25986,B29,2022-03-14 08:21:41.395040 UTC,2024-03-14 02:44:16.525734 UTC,Europe/Paris,FR,Saixxxxxxx,1 Rxxxxxxxxxxxxxxxxx,317xx,2,15,30,false,true,"{""allow_duplication_of_schedule_over_more_weeks"":false,""automatically_generate_employee_ids"":false,""currency_iso_code"":""eur"",""director_can_read_paid_leave_dashboard"":false,""directors_can_access_dashboard_rh"":false,""display_shifts_from_other_teams"":false,""display_signature_for_planning_pdf"":true,""display_sunday_for_planning_pdf"":true,""display_week_hours_for_planning_pdf"":false,""employee_can_read_coworker_planning"":false,""employee_can_receive_sms_notification"":false,""enabled_conversation"":true,""hide_counters_alerts_planning_to_daily_worker"":true,""hide_weekly_rests_planning_unpublished"":true,""hr_dashboard_access_granted"":false,""include_over_hours_in_wages"":false,""lock_meals"":false,""manager_can_access_to_payroll"":true,""manager_can_read_all_salaries"":false,""manager_can_read_paid_leave_dashboard"":false,""manager_created_employees_plannable"":true,""prevent_overlapping_pay_periods"":true,""productivity_objective"":50,""quadra_paie_separator"":"":"",""report_evened_out_by_default"":false,""send_activities_report_mail_to_owner"":true,""uses_timeclock"":true}",false,silae,e669db35-16c6-4418-adfa-b6a4115d4d0f,FR
6027,Arkxxxxxxxxx,2019-04-11 15:10:22.617008 UTC,2024-03-26 02:41:33.446147 UTC,Europe/Paris,FR,Rouxx,Hanxxxxxxxxxxxxxxxxxxxxxx,760xx,2,15,30,false,true,"{""allow_duplication_of_schedule_over_more_weeks"":false,""automatically_generate_employee_ids"":false,""currency_iso_code"":""eur"",""director_can_read_paid_leave_dashboard"":false,""directors_can_access_dashboard_rh"":true,""display_rewards_on_memberpage"":true,""display_shifts_from_other_teams"":false,""display_signature_for_planning_pdf"":true,""display_sunday_for_planning_pdf"":true,""display_week_hours_for_planning_pdf"":false,""employee_can_read_coworker_planning"":true,""employee_can_receive_sms_notification"":false,""enabled_conversation"":true,""hide_counters_alerts_planning_to_daily_worker"":true,""hide_weekly_rests_planning_unpublished"":true,""hr_dashboard_access_granted"":false,""include_over_hours_in_wages"":true,""lock_meals"":true,""manager_can_access_to_payroll"":true,""manager_can_read_all_salaries"":true,""manager_can_read_paid_leave_dashboard"":false,""manager_created_employees_plannable"":true,""minimum_days_for_timeoff_request"":20,""planning_pdf_display_mode"":""normal"",""prevent_overlapping_pay_periods"":true,""productivity_objective"":50,""quadra_paie_separator"":"":"",""report_evened_out_by_default"":true,""send_activities_report_mail_to_owner"":true,""uses_timeclock"":false}",false,default,b1d55133-ccd6-46e9-99c0-f84795f9660e,FR
11365,LRDx,2020-12-02 09:10:12.229357 UTC,2024-03-30 02:44:48.592620 UTC,Europe/Paris,FR,Saixxxxxxxxxx,251xxxxxxxxxxxxxxxxxxxxx,607xx,2,19,30,false,false,"{""allow_duplication_of_schedule_over_more_weeks"":false,""automatically_generate_employee_ids"":false,""currency_iso_code"":""eur"",""director_can_read_paid_leave_dashboard"":false,""directors_can_access_dashboard_rh"":false,""display_rewards_on_memberpage"":true,""display_shifts_from_other_teams"":false,""display_signature_for_planning_pdf"":true,""display_sunday_for_planning_pdf"":true,""display_week_hours_for_planning_pdf"":false,""employee_can_read_coworker_planning"":false,""employee_can_receive_sms_notification"":true,""enabled_conversation"":true,""hide_counters_alerts_planning_to_daily_worker"":false,""hide_weekly_rests_planning_unpublished"":true,""hr_dashboard_access_granted"":false,""include_over_hours_in_wages"":true,""lock_meals"":false,""manager_can_access_to_payroll"":false,""manager_can_read_all_salaries"":true,""manager_can_read_paid_leave_dashboard"":false,""manager_created_employees_plannable"":true,""minimum_days_for_timeoff_request"":30,""planning_pdf_display_mode"":""small"",""prevent_overlapping_pay_periods"":true,""productivity_objective"":98,""quadra_paie_separator"":"":"",""report_evened_out_by_default"":true,""send_activities_report_mail_to_owner"":true,""uses_timeclock"":true}",false,silae,16f71ded-ffb3-4b4a-a3ef-cb7b286c121f,FR
55877,Cluxxxxxxxxxx,2023-04-21 14:02:50.602685 UTC,2024-03-30 02:41:04.671104 UTC,Europe/Paris,FR,,,,2,15,30,false,true,"{""allow_duplication_of_schedule_over_more_weeks"":false,""automatically_generate_employee_ids"":false,""currency_iso_code"":""eur"",""director_can_read_paid_leave_dashboard"":false,""directors_can_access_dashboard_rh"":false,""display_rewards_on_memberpage"":false,""display_shifts_from_other_teams"":false,""display_signature_for_planning_pdf"":true,""display_sunday_for_planning_pdf"":true,""display_week_hours_for_planning_pdf"":true,""employee_can_read_coworker_planning"":true,""employee_can_receive_sms_notification"":false,""enabled_conversation"":true,""hide_counters_alerts_planning_to_daily_worker"":true,""hide_weekly_rests_planning_unpublished"":true,""hr_dashboard_access_granted"":true,""include_over_hours_in_wages"":true,""lock_meals"":true,""manager_can_access_to_payroll"":false,""manager_can_read_all_salaries"":false,""manager_can_read_paid_leave_dashboard"":false,""manager_created_employees_plannable"":false,""minimum_days_for_timeoff_request"":30,""planning_pdf_display_mode"":""normal"",""prevent_overlapping_pay_periods"":true,""productivity_objective"":50,""quadra_paie_separator"":"":"",""report_evened_out_by_default"":false,""send_activities_report_mail_to_owner"":true,""uses_timeclock"":false}",false,silae,34f4088d-b55c-4d2a-aa94-a5c909d332b8,FR
1952,NACxxxxxxxxxxxxxxxxxx,2017-05-11 10:17:32.283397 UTC,2023-07-19 09:29:47.977300 UTC,Europe/Paris,FR,Rouxx,Locxxxxxxxxxxxxxxxxxxxxxxxxxxxx,76 xxx,3,18,34,false,true,"{""allow_duplication_of_schedule_over_more_weeks"":false,""automatically_generate_employee_ids"":false,""currency_iso_code"":""eur"",""director_can_read_paid_leave_dashboard"":false,""directors_can_access_dashboard_rh"":false,""display_shifts_from_other_teams"":false,""display_signature_for_planning_pdf"":true,""display_sunday_for_planning_pdf"":true,""display_week_hours_for_planning_pdf"":false,""employee_can_read_coworker_planning"":false,""employee_can_receive_sms_notification"":false,""enabled_conversation"":true,""hide_counters_alerts_planning_to_daily_worker"":false,""hide_weekly_rests_planning_unpublished"":true,""include_over_hours_in_wages"":true,""lock_meals"":false,""manager_can_access_to_payroll"":true,""manager_can_read_all_salaries"":true,""manager_can_read_paid_leave_dashboard"":false,""manager_created_employees_plannable"":true,""minimum_days_for_timeoff_request"":21,""prevent_overlapping_pay_periods"":true,""productivity_objective"":70,""report_evened_out_by_default"":true,""send_activities_report_mail_to_owner"":true,""uses_timeclock"":true}",false,default,441b5c03-5964-4231-8a15-55a923a26e44,FR
41660,Phaxxxxxxxxxxxxxxx,2022-12-13 13:32:48.446825 UTC,2024-03-14 09:00:11.803709 UTC,Europe/Paris,FR,Nanxxx,170xxxxxxxxxxxxx,440xxx,2,23,30,false,true,"{""allow_duplication_of_schedule_over_more_weeks"":true,""automatically_generate_employee_ids"":false,""currency_iso_code"":""eur"",""director_can_read_paid_leave_dashboard"":true,""directors_can_access_dashboard_rh"":false,""display_rewards_on_memberpage"":true,""display_shifts_from_other_teams"":false,""display_signature_for_planning_pdf"":true,""display_sunday_for_planning_pdf"":true,""display_week_hours_for_planning_pdf"":false,""employee_can_read_coworker_planning"":true,""employee_can_receive_sms_notification"":false,""enabled_conversation"":true,""hide_counters_alerts_planning_to_daily_worker"":true,""hide_weekly_rests_planning_unpublished"":true,""hr_dashboard_access_granted"":false,""include_over_hours_in_wages"":false,""lock_meals"":false,""manager_can_access_to_payroll"":false,""manager_can_read_all_salaries"":false,""manager_can_read_paid_leave_dashboard"":true,""manager_created_employees_plannable"":true,""minimum_days_for_timeoff_request"":30,""planning_pdf_display_mode"":""normal"",""prevent_overlapping_pay_periods"":true,""productivity_objective"":50,""quadra_paie_separator"":"":"",""report_evened_out_by_default"":true,""send_activities_report_mail_to_owner"":true,""uses_timeclock"":true}",false,default,93b3399e-894c-48b2-a1b4-217b5e9e52cb,FR
10076,L'axxxxxxxxxxxxxxxxxx,2020-07-23 14:46:27.929987 UTC,2023-11-21 15:18:57.009430 UTC,Europe/Paris,FR,LE xxxx,46 xxxxxxxxxxxxxxxxxxxxxx,720xx,2,15,30,false,true,"{""allow_duplication_of_schedule_over_more_weeks"":false,""automatically_generate_employee_ids"":false,""currency_iso_code"":""eur"",""director_can_read_paid_leave_dashboard"":false,""directors_can_access_dashboard_rh"":false,""display_rewards_on_memberpage"":true,""display_shifts_from_other_teams"":false,""display_signature_for_planning_pdf"":true,""display_sunday_for_planning_pdf"":true,""display_week_hours_for_planning_pdf"":false,""employee_can_read_coworker_planning"":true,""employee_can_receive_sms_notification"":false,""enabled_conversation"":true,""hide_counters_alerts_planning_to_daily_worker"":false,""hide_weekly_rests_planning_unpublished"":true,""hr_dashboard_access_granted"":false,""include_over_hours_in_wages"":false,""lock_meals"":false,""manager_can_access_to_payroll"":false,""manager_can_read_all_salaries"":false,""manager_can_read_paid_leave_dashboard"":false,""manager_created_employees_plannable"":true,""minimum_days_for_timeoff_request"":null,""planning_pdf_display_mode"":""normal"",""prevent_overlapping_pay_periods"":true,""productivity_objective"":50,""quadra_paie_separator"":"":"",""report_evened_out_by_default"":true,""send_activities_report_mail_to_owner"":true,""uses_timeclock"":false}",false,silae,07e86d6e-ad96-42c0-8031-fe0d257da0a3,FR
6908,Colxxxxxxxxxxxxx,2019-08-19 10:12:18.696824 UTC,2024-03-13 02:43:45.552139 UTC,Europe/Paris,FR,Coqxxxxxx,100xxxxxxxxxxxxx,622xx,2,15,30,false,false,"{""allow_duplication_of_schedule_over_more_weeks"":false,""automatically_generate_employee_ids"":false,""currency_iso_code"":""eur"",""director_can_read_paid_leave_dashboard"":false,""directors_can_access_dashboard_rh"":false,""display_shifts_from_other_teams"":false,""display_signature_for_planning_pdf"":true,""display_sunday_for_planning_pdf"":true,""display_week_hours_for_planning_pdf"":false,""employee_can_read_coworker_planning"":true,""employee_can_receive_sms_notification"":false,""enabled_conversation"":true,""hide_counters_alerts_planning_to_daily_worker"":false,""hide_weekly_rests_planning_unpublished"":true,""include_over_hours_in_wages"":false,""lock_meals"":false,""manager_can_access_to_payroll"":true,""manager_can_read_all_salaries"":false,""manager_can_read_paid_leave_dashboard"":false,""manager_created_employees_plannable"":true,""minimum_days_for_timeoff_request"":30,""prevent_overlapping_pay_periods"":true,""productivity_objective"":50,""report_evened_out_by_default"":true,""send_activities_report_mail_to_owner"":true,""uses_timeclock"":true}",false,silae,16ba1c7b-4021-474f-988d-3e3db2fa3da7,FR
