id,name,account_id,created_at,updated_at,address,preferences,city,zipcode,collective_agreement_id,country,partner_id,archived,default_break_duration,payroll_software_identifier,enable_public_holiday_configuration,public_holiday_overtime_rate,public_holiday_paid_by_default,location_type,minimum_shift_duration_for_automatic_breaks_in_hours
2373,Nacxxxxxxxxxxxx,1952,2017-04-29 12:59:55.878141 UTC,2023-07-18 08:44:21.812714 UTC,Bvdxxxxxxxxxxxxxxxxxxxxx,"{""allow_negative_compensatory_counter"":false,""annualisation_enabled"":false,""annualisation_use_calendar_year"":true,""annualization_enabled"":false,""annualization_use_calendar_year"":true,""default_meal_type"":""AN"",""modulation_enabled"":false,""productivity_objective"":70,""skip_percentage_for_compensatory_deposit"":false,""starting_month_for_annualisation"":1,""starting_month_for_annualization"":1,""uses_timeclock"":true,""wage_ratio_objective"":25,""workable_days_in_week"":6}",ROUxx,760xx,3,FRANCE,c8c8b29e-fdd7-4e15-a96c-4278b10748a7,false,0,,false,100,false,regular,6
4015,Merxxxxxxxxxxxxxxxxxxx,3177,2018-01-03 10:18:59.901891 UTC,2023-07-18 08:44:37.506135 UTC,,"{""allow_negative_compensatory_counter"":false,""annualisation_enabled"":false,""annualisation_use_calendar_year"":true,""annualization_enabled"":false,""annualization_use_calendar_year"":true,""default_meal_type"":""AN"",""productivity_objective"":50,""skip_percentage_for_compensatory_deposit"":false,""starting_month_for_annualisation"":1,""starting_month_for_annualization"":1,""uses_timeclock"":false,""wage_ratio_objective"":35,""workable_days_in_week"":5}",,,3,,b733475b-f714-48aa-8032-f26cb4dc6ade,true,0,,false,100,false,regular,6
81212,MJ xxxxxxxxxx,3177,2023-10-30 15:38:34.050944 UTC,2023-10-30 19:42:23.169152 UTC,,"{""allow_negative_compensatory_counter"":false,""default_meal_type"":""PP"",""productivity_objective"":50,""skip_percentage_for_compensatory_deposit"":false,""uses_timeclock"":false,""wage_ratio_objective"":35}",,,1,,8d3e4b1f-0f52-40ab-8218-39b94cc03ce8,FALSE,0,,false,100,false,regular,6
81211,MJ xxxxxxx,3177,2023-10-30 15:38:12.337556 UTC,2023-10-30 15:46:45.737908 UTC,,"{""allow_negative_compensatory_counter"":false,""default_meal_type"":""PP"",""productivity_objective"":50,""skip_percentage_for_compensatory_deposit"":false,""uses_timeclock"":false,""wage_ratio_objective"":35}",,,1,,fcde689d-c34c-466f-84dc-67ef95b4bae0,False,0,,false,100,false,regular,6
16848,Comxxxxxxxxx,3455,2021-03-29 12:17:31.689329 UTC,2023-07-18 08:46:45.939393 UTC,75 xxxxxxxxxxxxxxxxxxxx,"{""allow_negative_compensatory_counter"":false,""default_meal_type"":""AN"",""productivity_objective"":50,""skip_percentage_for_compensatory_deposit"":false,""uses_timeclock"":false,""wage_ratio_objective"":35,""workable_days_in_week"":5}",VALxxxx,260xx,2,France,74b860b3-c4c4-48ec-bb98-819f2e0f8fcb,False,0,,true,100,false,regular,6
7834,Arkxxxxxxxxx,6027,2019-04-11 15:10:22.662559 UTC,2023-07-18 08:45:15.248490 UTC,181xxxxxxxxxxxxxxxxxxxxxxx,"{""allow_negative_compensatory_counter"":false,""default_meal_type"":""AN"",""productivity_objective"":50,""skip_percentage_for_compensatory_deposit"":false,""uses_timeclock"":false,""wage_ratio_objective"":35,""workable_days_in_week"":6}",Rouxx,761xx,5,France,615894aa-29c7-431d-b988-02d433498ecc,False,0,,false,100,false,regular,6
9031,Coqxxxxxx,6908,2019-08-19 10:12:18.797152 UTC,2023-08-08 19:38:33.543951 UTC,100xxxxxxxxxxxxxxxxxxxx,"{""allow_negative_compensatory_counter"":false,""default_meal_type"":""IR"",""productivity_objective"":50,""skip_percentage_for_compensatory_deposit"":false,""uses_timeclock"":true,""wage_ratio_objective"":28,""workable_days_in_week"":6}",Coqxxxxxxx,622xx,32,France,49d3932e-63b1-4ff2-a19d-a75c66ab6f32,false,0,,false,100,false,regular,6
9320,Thaxxxxxxxxxxxxxxxxxxxxx,7134,2019-09-19 14:20:56.214999 UTC,2023-07-18 08:45:30.062206 UTC,44 xxxxxxxxxxxxxx,"{""allow_negative_compensatory_counter"":false,""default_meal_type"":""IR"",""productivity_objective"":50,""skip_percentage_for_compensatory_deposit"":false,""uses_timeclock"":true,""wage_ratio_objective"":35,""workable_days_in_week"":6}",Parxx,750xx,3,France,403d4d13-c8e9-4044-8e75-8f2ee491df9e,no,0,,false,100,false,regular,6
11369,MANxxxxxx,8763,2020-03-04 14:15:05.124974 UTC,2023-07-18 08:45:49.560631 UTC,10 xxxxxxxxxxxxxxxxxxx,"{""allow_negative_compensatory_counter"":false,""default_meal_type"":""AN"",""productivity_objective"":50,""skip_percentage_for_compensatory_deposit"":false,""uses_timeclock"":false,""wage_ratio_objective"":35,""workable_days_in_week"":5}",Venxxxxx,137xx,2,France,b2a5446b-d8a0-4007-9a31-1999aba4d160,false,0,,false,100,false,holding,6
11368,MANx,8763,2020-03-04 14:10:28.543366 UTC,2022-08-24 15:14:23.973487 UTC,12 xxxxxxxxxxxxxxxxxxx,"{""allow_negative_compensatory_counter"":false,""default_meal_type"":""AN"",""productivity_objective"":50,""skip_percentage_for_compensatory_deposit"":false,""uses_timeclock"":false,""wage_ratio_objective"":35,""workable_days_in_week"":5}",Aixxxxxxxxxxxxx,131xx,32,France,a78d414c-1ded-41f6-9cc6-dad5efe59101,no,30,,false,100,false,regular,0
11444,2 -xxxxxxxx,8823,2020-03-09 16:24:09.838222 UTC,2023-09-28 10:59:45.231184 UTC,1 Rxxxxxxxxxxxxxxxxxxxxx,"{""allow_negative_compensatory_counter"":false,""default_meal_type"":""AN"",""productivity_objective"":50,""skip_percentage_for_compensatory_deposit"":true,""uses_timeclock"":false,""wage_ratio_objective"":35,""workable_days_in_week"":6}",Le xxxx,349xx,1,France,f9fe9fd3-bc91-4c8d-8026-00ab2afa31d5,0,30,,false,100,false,regular,0
11443,1 -xxxxxxxxxxxxxxxxx,8823,2020-03-09 16:19:38.750329 UTC,2024-02-21 20:49:28.660517 UTC,31 xxxxxxxxxxxxxxxxxxxxx,"{""allow_negative_compensatory_counter"":false,""default_meal_type"":""AN"",""productivity_objective"":40,""skip_percentage_for_compensatory_deposit"":true,""uses_timeclock"":false,""wage_ratio_objective"":35,""workable_days_in_week"":6}", Baxxxxxxxxxxxxxx,345xxx,1,France,d8ec5e38-6873-4fce-bb83-343000aff94d,false,30,,false,100,false,regular,0
63480,6 -xxxxxxxxxxxxxxxxxxx,8823,2023-03-27 14:30:46.469455 UTC,2023-12-15 18:17:33.855292 UTC,4 Rxxxxxxxxxxxxxxxxxxxxxxxxxxxxxxxxxxxxxx,"{""allow_negative_compensatory_counter"":false,""default_meal_type"":""AN"",""productivity_objective"":50,""skip_percentage_for_compensatory_deposit"":false,""uses_timeclock"":false,""wage_ratio_objective"":35}",Clexxxxxxxxxxxxxxx,348xx,1,France,8d41cf06-596b-4d74-a5f1-ea00b070e0e0,false,30,,false,100,false,regular,0
16415,5 -xxxxxxxx,8823,2021-03-10 12:52:22.617609 UTC,2023-09-28 11:00:17.392138 UTC,30 xxxxxxxxxxxxxxxxxxxxxxxxxxxxxxxxxxxxxxxxxxxxxxxxxxx,"{""allow_negative_compensatory_counter"":false,""default_meal_type"":""AN"",""productivity_objective"":50,""skip_percentage_for_compensatory_deposit"":true,""uses_timeclock"":false,""wage_ratio_objective"":35,""workable_days_in_week"":6}",Mauxxxx,341xx,1,France,91e344a8-9890-452d-8366-7f871e2164e7,false,30,,false,100,false,regular,0
70936,7 -xxxxxxxx,8823,2023-06-07 08:00:47.227384 UTC,2023-09-29 11:04:26.389445 UTC,Avexxxxxxxxxxxxxxxxxxxxxx,"{""allow_negative_compensatory_counter"":false,""default_meal_type"":""AN"",""productivity_objective"":50,""skip_percentage_for_compensatory_deposit"":false,""uses_timeclock"":false,""wage_ratio_objective"":35}",Argxxxxxxxxxxxx,667xx,1,France,a896f80c-d3b6-4bfe-97fc-fa1ff5189244,False,30,,false,100,false,regular,6
11445,3 -xxxxxxxxxxxx,8823,2020-03-09 16:25:33.116722 UTC,2023-09-28 10:59:47.444734 UTC,858xxxxxxxxxxxxxxxxxxx,"{""allow_negative_compensatory_counter"":false,""default_meal_type"":""AN"",""productivity_objective"":50,""skip_percentage_for_compensatory_deposit"":true,""uses_timeclock"":false,""wage_ratio_objective"":35,""workable_days_in_week"":6}", Moxxxxxxxxx,340xx,1,France,cdcaa8b8-321b-4b89-ace4-7ec12ae5d375,False,30,,false,100,false,regular,0
12754,4 -xxxxxxxx,8823,2020-06-23 11:23:20.607637 UTC,2023-10-05 18:15:38.091068 UTC,Liexxxxxxxxxxxxxxxxxxxxxxxxxxxxxxxx,"{""allow_negative_compensatory_counter"":false,""default_meal_type"":""AN"",""productivity_objective"":50,""skip_percentage_for_compensatory_deposit"":true,""uses_timeclock"":false,""wage_ratio_objective"":35,""workable_days_in_week"":6}",Pézxxxx,341xx,1,France,71626b3f-fc3d-421b-9056-e65b6d7455f6,no,30,,false,100,false,regular,0
16736,PAIxxxxxxxxxxxx,12680,2021-03-26 07:31:49.187759 UTC,2022-07-21 13:50:53.633196 UTC,40 xxxxxxxxxxxx,"{""allow_negative_compensatory_counter"":false,""default_meal_type"":""TR"",""productivity_objective"":50,""skip_percentage_for_compensatory_deposit"":false,""uses_timeclock"":false,""wage_ratio_objective"":35,""workable_days_in_week"":5}",PARxxxxxxxxxxxxxxxxxxxx,750xx,2,France,a9ee70b2-89a6-43e8-9c8f-9b90d790b90c,no,30,,true,100,false,holding,0
88225,Lilxx,12680,2024-02-14 15:17:49.254544 UTC,2024-03-20 09:33:18.227578 UTC,22 xxxxxxxxxxxxx,"{""allow_negative_compensatory_counter"":false,""default_meal_type"":""AN"",""productivity_objective"":50,""skip_percentage_for_compensatory_deposit"":false,""uses_timeclock"":false,""wage_ratio_objective"":35}",Lilxx,590xx,2,France,67183699-9cac-4bd5-8d48-a9ce035e6fc2,false,0,,true,100,false,regular,6
20864,Hôtxxxxxxxxxxxxxxxxxxxxxxxxxxxx,15686,2021-07-12 11:31:04.882826 UTC,2024-02-08 16:30:20.874939 UTC,,"{""allow_negative_compensatory_counter"":false,""default_meal_type"":""IR"",""productivity_objective"":50,""skip_percentage_for_compensatory_deposit"":false,""uses_timeclock"":false,""wage_ratio_objective"":35,""workable_days_in_week"":6}",,,2,,70b8f793-9098-41de-9b11-37ecd1d411b8,no,0,,true,100,false,regular,6
20880,Hôtxxxxxxxxxxxxxxx,15686,2021-07-12 12:49:12.036180 UTC,2023-07-18 08:47:35.252149 UTC,,"{""allow_negative_compensatory_counter"":false,""default_meal_type"":""IR"",""productivity_objective"":50,""skip_percentage_for_compensatory_deposit"":false,""uses_timeclock"":false,""wage_ratio_objective"":35,""workable_days_in_week"":6}",,,2,,6d109612-a4a4-47e6-b123-196bf48d7b8a,False,0,,true,100,false,regular,6
20862,Hôtxxxxxxxxxxxxxxxxxxxxxx,15686,2021-07-12 11:30:33.820166 UTC,2023-08-14 14:38:19.707309 UTC,15 xxxxxxxxxxxxxxxxxxxxx,"{""allow_negative_compensatory_counter"":false,""default_meal_type"":""IR"",""productivity_objective"":50,""skip_percentage_for_compensatory_deposit"":false,""uses_timeclock"":false,""wage_ratio_objective"":35,""workable_days_in_week"":6}",Parxx,750xx,2,France,9b047681-722d-41c0-955c-709439e37bbc,no,30,,true,100,true,regular,6
20863,Hôtxxxxxxxxxxxxxxxxxxxxxxxxx,15686,2021-07-12 11:30:52.725721 UTC,2022-05-05 13:22:45.656236 UTC,,"{""allow_negative_compensatory_counter"":false,""default_meal_type"":""IR"",""productivity_objective"":50,""skip_percentage_for_compensatory_deposit"":false,""uses_timeclock"":false,""wage_ratio_objective"":35,""workable_days_in_week"":6}",,,2,,b9233dc8-3bf0-4aef-9ef7-8da585451b77,0,20,,false,100,false,regular,0
54574,Hôtxxxxxxxxxxxxxx,15686,2023-01-19 11:04:28.263269 UTC,2023-03-28 09:12:02.809925 UTC,"56,xxxxxxxxxxxxxxxxxxxxxxxx","{""allow_negative_compensatory_counter"":false,""default_meal_type"":""AN"",""productivity_objective"":50,""skip_percentage_for_compensatory_deposit"":false,""uses_timeclock"":false,""wage_ratio_objective"":35}",Nanxx,540xxx,2,France,be1cb09a-7ac9-4f48-b3a5-5fe5e76e3782,False,20,,true,100,false,regular,0
21446,Pitxxxxxxxxx,16142,2021-07-28 13:16:44.360272 UTC,2023-07-18 08:47:42.543039 UTC,,"{""allow_negative_compensatory_counter"":false,""default_meal_type"":""AN"",""productivity_objective"":50,""skip_percentage_for_compensatory_deposit"":false,""uses_timeclock"":false,""wage_ratio_objective"":35,""workable_days_in_week"":6}",,,350,,1b88adfd-c3ba-4c87-a218-5efe770d371a,0,0,,false,100,false,regular,6
30730,Fnaxxxxxxxxxxxxxxxxx,22705,2022-01-31 14:39:03.677578 UTC,2023-09-12 07:03:39.785526 UTC,39 xxxxxxxxxxxxxxxx,"{""allow_negative_compensatory_counter"":false,""default_meal_type"":""TR"",""productivity_objective"":150,""skip_percentage_for_compensatory_deposit"":false,""uses_timeclock"":false,""wage_ratio_objective"":9,""workable_days_in_week"":6}",Aubxxxx,072xx,218,France,ea800808-bdf7-434a-b1cc-e7488404ac57,no,0,,false,100,false,regular,6
30731,DTF,22705,2022-01-31 14:41:05.592236 UTC,2023-07-18 08:49:46.703592 UTC,41 xxxxxxxxxxxxxxx,"{""allow_negative_compensatory_counter"":false,""default_meal_type"":""TR"",""productivity_objective"":50,""skip_percentage_for_compensatory_deposit"":false,""uses_timeclock"":false,""wage_ratio_objective"":35,""workable_days_in_week"":6}",Aubxxxx,072xx,218,France,977342d9-7e69-47ec-9b89-eae644f5624a,FALSE,0,,false,100,false,regular,6
30729,Fnaxxxxxx,22705,2022-01-31 14:37:03.384586 UTC,2023-09-12 07:03:54.663439 UTC,163xxxxxxxxxxxxxxxxxxx,"{""allow_negative_compensatory_counter"":false,""default_meal_type"":""TR"",""productivity_objective"":150,""skip_percentage_for_compensatory_deposit"":false,""uses_timeclock"":false,""wage_ratio_objective"":9,""workable_days_in_week"":6}",Alèx,301xx,218,France,80763d1d-66f9-4bb6-82c2-515355a0bfec,false,0,,false,100,false,regular,6
30728,Fnaxxxxxxxxxxxx,22705,2022-01-31 14:35:11.652856 UTC,2023-09-12 07:02:56.642920 UTC,13 xxxxxxxxxxxxxxxxxx,"{""allow_negative_compensatory_counter"":false,""default_meal_type"":""TR"",""productivity_objective"":150,""skip_percentage_for_compensatory_deposit"":false,""uses_timeclock"":false,""wage_ratio_objective"":9,""workable_days_in_week"":6}",Monxxxxxxx,262xx,218,France,3906dfd8-d984-4a13-a9e5-d24b13bf6af1,False,0,,false,100,false,regular,6
77311,Natxxxxxxxxxxxxxxxxxxxxxxxxxxxxxxxxxxxxx,22705,2023-09-05 13:38:52.440813 UTC,2023-09-12 07:00:17.062758 UTC,Plaxxxxxxxxxxxxxxx,"{""allow_negative_compensatory_counter"":false,""default_meal_type"":""TR"",""productivity_objective"":50,""skip_percentage_for_compensatory_deposit"":false,""uses_timeclock"":false,""wage_ratio_objective"":35}",Salxxxxxxxxxxxxxx,133xx,25,France,fb0f2f56-c4a8-40fe-850e-e5490b5ab23e,0,0,,false,100,false,regular,6
29436,Fnaxxxxxxxxxxxxxxxxxxx,22705,2022-01-10 14:37:37.947681 UTC,2023-09-12 07:05:52.569198 UTC,Sudxxxxxxxxxxxxxxxxxxx,"{""allow_negative_compensatory_counter"":false,""default_meal_type"":""TR"",""productivity_objective"":150,""skip_percentage_for_compensatory_deposit"":false,""uses_timeclock"":false,""wage_ratio_objective"":9,""workable_days_in_week"":6}",Salxxxxxxxxxxxxxx,133xx,218,FRANCE,c821a303-a06d-4115-a55b-21ea6403b769,FALSE,0,,false,100,false,regular,6
30727,Fnaxxxxxxxxx,22705,2022-01-31 14:32:35.766774 UTC,2023-09-12 07:06:03.837235 UTC,49 xxxxxxxxxxxxxxxxxx,"{""allow_negative_compensatory_counter"":false,""default_meal_type"":""TR"",""productivity_objective"":150,""skip_percentage_for_compensatory_deposit"":false,""uses_timeclock"":false,""wage_ratio_objective"":9,""workable_days_in_week"":6}",Annxxxx,071xx,218,France,3bd724aa-f028-4a9d-8cc4-480de4813a15,FALSE,0,,false,100,false,regular,6
36410,SASxxxxx,23535,2022-05-02 08:32:36.868756 UTC,2024-04-08 10:18:55.157986 UTC,30/xxxxxxxxxxxxxxxxxxxxxxx,"{""allow_negative_compensatory_counter"":false,""default_meal_type"":""AN"",""productivity_objective"":98,""skip_percentage_for_compensatory_deposit"":true,""uses_timeclock"":false,""wage_ratio_objective"":30,""workable_days_in_week"":6}",REIxx,511xx,2,FRANCE,335aab1e-24fd-4125-bd12-54dc06e3cf07,False,20,,false,100,false,regular,6
36411,SASxxxxx,23535,2022-05-02 08:32:46.927220 UTC,2024-04-08 11:41:40.708748 UTC,2 rxxxxxxxxxxxx,"{""allow_negative_compensatory_counter"":false,""default_meal_type"":""AN"",""productivity_objective"":98,""skip_percentage_for_compensatory_deposit"":true,""uses_timeclock"":false,""wage_ratio_objective"":30,""workable_days_in_week"":6}",TROxxx,100xx,2,FRANCE,f94b5f56-d3dc-4ad6-a5ee-cf615d8dae9a,False,20,,false,100,false,regular,6
50409,SASxxxxxx,23535,2022-11-28 16:24:02.396622 UTC,2024-04-08 11:41:40.821590 UTC,4 rxxxxxxxxxxxxx,"{""allow_negative_compensatory_counter"":false,""default_meal_type"":""AN"",""productivity_objective"":98,""skip_percentage_for_compensatory_deposit"":true,""uses_timeclock"":false,""wage_ratio_objective"":30,""workable_days_in_week"":5}",Troxxx,100xx,2,France,70e6b2d3-6ddf-4c9c-ab49-09f70e0b8a4a,FALSE,20,,false,100,false,regular,6
81401,SASxxxxxx,23535,2023-11-02 15:28:52.929188 UTC,2024-04-08 10:18:51.795139 UTC,77 xxxxxxxxxxxxxxxxxxxx,"{""allow_negative_compensatory_counter"":false,""default_meal_type"":""AN"",""productivity_objective"":98,""skip_percentage_for_compensatory_deposit"":true,""uses_timeclock"":false,""wage_ratio_objective"":30}",REIxx,511xx,2,France,b2c38058-9329-4515-86aa-573da3c8de5d,false,20,,false,100,false,regular,6
50408,SASxxxxxxx,23535,2022-11-28 16:23:56.937636 UTC,2024-04-08 11:41:40.836254 UTC,19/xxxxxxxxxxxxxxxxxxxxxxxxx,"{""allow_negative_compensatory_counter"":false,""default_meal_type"":""AN"",""productivity_objective"":98,""skip_percentage_for_compensatory_deposit"":true,""uses_timeclock"":false,""wage_ratio_objective"":30,""workable_days_in_week"":5}",Troxxx,100xx,2,France,8cb6a50a-7332-4d5a-88d7-13b6fd9eb742,false,20,,false,100,false,regular,6
30395,BARx,23535,2022-01-26 09:51:14.521362 UTC,2023-07-18 08:49:42.086939 UTC,12 xxxxxxxxxx,"{""allow_negative_compensatory_counter"":false,""default_meal_type"":""IR"",""productivity_objective"":50,""skip_percentage_for_compensatory_deposit"":false,""uses_timeclock"":false,""wage_ratio_objective"":35,""workable_days_in_week"":6}",TROxxx,100xx,2,FRANCE,1f38b648-a087-4aa1-9604-a885b1775c28,1,0,,false,100,true,closed,6
45841,SASxxxx,23535,2022-09-30 14:51:19.652538 UTC,2024-04-08 10:18:55.181067 UTC,2 Exxxxxxxxxxxxxxxxxxxxx,"{""allow_negative_compensatory_counter"":false,""default_meal_type"":""AN"",""productivity_objective"":98,""skip_percentage_for_compensatory_deposit"":true,""uses_timeclock"":false,""wage_ratio_objective"":30,""workable_days_in_week"":5}",REIxx,511xx,2,FRANCE,7d8d9605-0952-49ef-914f-c569787e54c0,false,20,,false,100,false,regular,6
33314,B29,25986,2022-03-14 08:21:41.417626 UTC,2023-07-18 08:50:19.249106 UTC,1 Rxxxxxxxxxxxxxxxxx,"{""allow_negative_compensatory_counter"":false,""default_meal_type"":""AN"",""productivity_objective"":50,""skip_percentage_for_compensatory_deposit"":false,""uses_timeclock"":false,""wage_ratio_objective"":35,""workable_days_in_week"":6}",SAIxxxxxxx,317xx,2,FRANCE,a1577c80-4c00-4a0c-b92a-21020dd2b129,FALSE,0,,false,100,false,regular,6
34287,INSxxxxxxxxxxxxxxxxxxxxxxxxxx,26520,2022-03-29 07:50:39.860491 UTC,2023-07-18 08:50:33.468833 UTC,4 rxxxxxxxxxxxxxxxxxxxx,"{""allow_negative_compensatory_counter"":false,""default_meal_type"":""AN"",""productivity_objective"":50,""skip_percentage_for_compensatory_deposit"":false,""uses_timeclock"":false,""wage_ratio_objective"":35,""workable_days_in_week"":6}",Lanxxxxxxxxx,852xx,14,,fa97bdf2-d1ad-42a9-a309-3b76980a399c,FALSE,0,,false,100,false,regular,6
88800,Jadxxxxxxxxxx,26520,2024-02-23 08:00:00.029443 UTC,2024-03-29 08:50:49.878093 UTC,,"{""allow_negative_compensatory_counter"":false,""default_meal_type"":""AN"",""productivity_objective"":50,""skip_percentage_for_compensatory_deposit"":false,""uses_timeclock"":false,""wage_ratio_objective"":35}",,,13,,ac88f4e0-55cc-47dd-812e-fa0ae228547b,no,0,,false,100,false,regular,6
68249,Insxxxxxxxxxxxxxxxxxxxx,26520,2023-05-04 08:53:08.830446 UTC,2023-11-29 18:03:51.743682 UTC,,"{""allow_negative_compensatory_counter"":false,""default_meal_type"":""AN"",""productivity_objective"":50,""skip_percentage_for_compensatory_deposit"":false,""uses_timeclock"":false,""wage_ratio_objective"":35}",,,13,,df4edf86-9e22-4de5-9677-10c1e1f99936,FALSE,0,,false,100,false,regular,6
33982,Insxxxxxxxxxxxxxxxxxxxxxx,26520,2022-03-23 13:55:55.630407 UTC,2023-07-18 08:50:29.652608 UTC,9 Axxxxxxxxxxxxxxxxxx,"{""allow_negative_compensatory_counter"":false,""default_meal_type"":""IR"",""productivity_objective"":50,""skip_percentage_for_compensatory_deposit"":true,""uses_timeclock"":false,""wage_ratio_objective"":35,""workable_days_in_week"":6}",Marxxxxxxxxxxx,173xx,14,France,7175a7a9-8214-4177-baa0-ae9ad032a83e,false,0,,false,100,false,regular,6
67633,Insxxxxxxxxxxxxxxxxxxxxxxx,26520,2023-04-25 08:25:29.704981 UTC,2023-04-27 06:51:16.688062 UTC,Lesxxxxxxxxxxxxx,"{""allow_negative_compensatory_counter"":false,""default_meal_type"":""AN"",""productivity_objective"":50,""skip_percentage_for_compensatory_deposit"":false,""uses_timeclock"":false,""wage_ratio_objective"":35}",Couxxxxxxxxxxxxxx,242xx,13,France,15008f0b-5c2d-4c1c-8724-b8dc1271b5a6,0,0,,false,100,false,regular,0
41544,5-Cxxxxxxxxxxxxxxxxxxxxxxxxxxxx,32776,2022-07-31 20:58:06.955083 UTC,2022-09-06 15:46:13.995245 UTC,2 axxxxxxxxxxxxxxxxxxxxxxxxxxxxxxxx,"{""allow_negative_compensatory_counter"":false,""default_meal_type"":""AN"",""productivity_objective"":60,""skip_percentage_for_compensatory_deposit"":false,""uses_timeclock"":false,""wage_ratio_objective"":35,""workable_days_in_week"":6}",Vilxxxxxxxxxx,380xx,2,France,dbf0aa60-bd82-498c-b37f-d3efa42dddda,no,30,,false,100,false,regular,0
43289,3-Mxxxxxxxxxxxxx,32776,2022-08-31 13:36:26.525314 UTC,2023-07-18 08:52:22.266214 UTC,213xxxxxxxxxxxxxxxxxxxxxxxx,"{""allow_negative_compensatory_counter"":false,""default_meal_type"":""AN"",""productivity_objective"":50,""skip_percentage_for_compensatory_deposit"":false,""uses_timeclock"":false,""wage_ratio_objective"":35,""workable_days_in_week"":6}",CHAxxxxxxxxxxxxxxx,371xx,2,france,adcc67e5-2d3b-45df-a752-2595bec082fc,false,0,,false,100,false,regular,6
43894,2-Jxxxxxxxxxxxxxxxxxxxxxxxx,32776,2022-09-06 15:00:00.241617 UTC,2023-02-07 14:52:57.537122 UTC,30 xxxxxxxxxxxxxxxxx,"{""allow_negative_compensatory_counter"":false,""default_meal_type"":""AN"",""productivity_objective"":50,""skip_percentage_for_compensatory_deposit"":false,""uses_timeclock"":false,""wage_ratio_objective"":35,""workable_days_in_week"":5}",Parxx,750xx,2,France,d8b26b12-f63e-4b4c-849f-3fc61968364c,0,20,,false,100,false,regular,0
52758,7-Lxxxxxxxxxxxxxxxxxx,32776,2022-12-29 09:19:09.650242 UTC,2023-07-18 08:54:34.649101 UTC,9 pxxxxxxxxxxxxxxxx,"{""allow_negative_compensatory_counter"":false,""default_meal_type"":""AN"",""productivity_objective"":50,""skip_percentage_for_compensatory_deposit"":false,""uses_timeclock"":false,""wage_ratio_objective"":35}",Touxx,370xx,2,France,7456cba6-6c63-49c9-abc2-feb0b8554fc7,false,0,,false,100,false,regular,6
45162,6-Vxxxxxxxxxxxxxxxxxxxxxxxxxxxxxxxx,32776,2022-09-20 14:16:48.374847 UTC,2023-07-18 08:52:46.568743 UTC,2 axxxxxxxxxxxxxxxxxxxxxxxxxxxxxxxxx,"{""allow_negative_compensatory_counter"":false,""default_meal_type"":""AN"",""productivity_objective"":50,""skip_percentage_for_compensatory_deposit"":false,""uses_timeclock"":false,""wage_ratio_objective"":35,""workable_days_in_week"":5}",Vilxxxxxxxxxx,380xx,2,france,6508cd3b-c452-40f7-b3aa-9ca1e2eae499,no,0,,false,100,false,regular,6
43895,1-Jxxxxxxxxxxxxxxxxxxxx,32776,2022-09-06 15:01:21.908294 UTC,2023-07-18 08:52:29.134126 UTC,6 axxxxxxxxxxxxxxxxxxxxxxxxx,"{""allow_negative_compensatory_counter"":false,""default_meal_type"":""AN"",""productivity_objective"":50,""skip_percentage_for_compensatory_deposit"":false,""uses_timeclock"":false,""wage_ratio_objective"":35,""workable_days_in_week"":5}",Parxx,750xx,2,,b8da7900-9329-401e-afac-544124a4afa4,FALSE,0,,false,100,false,regular,6
54044,8-Lxxxxxxxx,32776,2023-01-13 17:00:21.979497 UTC,2023-07-18 08:54:49.203374 UTC,,"{""allow_negative_compensatory_counter"":false,""default_meal_type"":""AN"",""productivity_objective"":50,""skip_percentage_for_compensatory_deposit"":false,""uses_timeclock"":false,""wage_ratio_objective"":35}",,,2,France,1e796069-4eee-4818-a5a1-b79c0fb5cd24,yes,0,,false,100,false,regular,6
43288,4-Cxxxxxxxxxxxxxxxxxxxx,32776,2022-08-31 13:35:21.691117 UTC,2023-07-18 08:52:22.249687 UTC,213xxxxxxxxxxxxxxxxxxxxxxxx,"{""allow_negative_compensatory_counter"":false,""default_meal_type"":""AN"",""productivity_objective"":50,""skip_percentage_for_compensatory_deposit"":false,""uses_timeclock"":false,""wage_ratio_objective"":35,""workable_days_in_week"":6}",CHAxxxxxxxxxxxxxxx,371xx,2,france ,906cac80-159e-4639-bccf-19610b737ae3,FALSE,0,,false,100,false,regular,6
51363,0-Pxxxxxxxxxxx,32776,2022-12-07 15:41:17.369168 UTC,2023-07-18 08:54:18.428130 UTC,6 Axxxxxxxxxxxxxxxxxxxxxxxxxx,"{""allow_negative_compensatory_counter"":false,""default_meal_type"":""AN"",""productivity_objective"":50,""skip_percentage_for_compensatory_deposit"":false,""uses_timeclock"":false,""wage_ratio_objective"":35,""workable_days_in_week"":5}",PARxx,750xx,2,FRANCE,d70d7446-c93e-430d-bb89-eed6de4bec62,yes,0,,false,100,false,regular,6
45005,Delxxxxxxxxxxxxxxx,35722,2022-09-19 08:45:11.397342 UTC,2022-12-21 16:47:26.891893 UTC,1 Rxxxxxxxxxxxxxxxxxxxxxxxxxxxxxxxxxxxxxxxxxx,"{""allow_negative_compensatory_counter"":false,""default_meal_type"":""PP"",""productivity_objective"":50,""skip_percentage_for_compensatory_deposit"":false,""uses_timeclock"":false,""wage_ratio_objective"":35,""workable_days_in_week"":5}",Parxx,750xx,3,France,6105a703-4322-4d3b-8368-570a9d416970,False,30,,false,100,false,regular,0
52372,phaxxxxxxxxxxxxxxxx,41660,2022-12-21 16:18:41.647725 UTC,2024-02-15 13:44:46.965601 UTC,1 pxxxxxxxxxxxxxx,"{""allow_negative_compensatory_counter"":false,""default_meal_type"":""AN"",""productivity_objective"":50,""skip_percentage_for_compensatory_deposit"":false,""uses_timeclock"":false,""wage_ratio_objective"":35}",Nanxxx,440xx,8,france,c3b96e47-a3de-4b46-a20d-7af189a90680,false,0,,false,100,false,planning_test,6
52370,phaxxxxxxxxxxxxxxxxxxxxxx,41660,2022-12-21 16:17:37.093353 UTC,2024-02-15 13:44:29.150800 UTC,1 axxxxxxxxxxxxxxxx,"{""allow_negative_compensatory_counter"":false,""default_meal_type"":""AN"",""productivity_objective"":50,""skip_percentage_for_compensatory_deposit"":false,""uses_timeclock"":false,""wage_ratio_objective"":35}",Nanxxx,440xx,742,france,ccb26cbc-3b79-4aa8-ac13-5c55aeda40a6,false,0,,false,100,false,planning_test,6
60822,Arkxxxxxxxxxxxxxxxxxxxxxxxxxx,49691,2023-03-17 10:25:44.422446 UTC,2023-08-30 10:40:20.348721 UTC,21 xxxxxxxxxxxxx,"{""allow_negative_compensatory_counter"":false,""default_meal_type"":""AN"",""productivity_objective"":50,""skip_percentage_for_compensatory_deposit"":false,""uses_timeclock"":false,""wage_ratio_objective"":35}",Parxx,750xx,5,FRANCE,97a7bc9e-bf17-4ee7-949c-40b828cd841e,False,30,,false,100,false,regular,6
68067,CINxxxxxxxxxxxx,55877,2023-05-01 23:57:12.787765 UTC,2024-01-22 10:48:47.164256 UTC,47 xxxxxxxxxx,"{""allow_negative_compensatory_counter"":false,""default_meal_type"":""IR"",""productivity_objective"":50,""skip_percentage_for_compensatory_deposit"":false,""uses_timeclock"":false,""wage_ratio_objective"":35}",GRExxxxxxxxxxxxxxxxx,772xx,25,France,6f475768-fdd1-47ae-aded-caf14957ab43,FALSE,0,,false,100,false,holding,6
91395, Sexxxxxxxx,55877,2024-04-02 08:56:38.708317 UTC,2024-04-02 09:00:54.361378 UTC,-,"{""allow_negative_compensatory_counter"":false,""default_meal_type"":""AN"",""productivity_objective"":50,""skip_percentage_for_compensatory_deposit"":false,""uses_timeclock"":false,""wage_ratio_objective"":35}",-,-,2,-,ca9de5a7-bde4-4ea8-8be2-51ee9d2dd774,false,30,,false,100,false,regular,6
81772,CINxxxxxxxxxxxxxxxxxx,55877,2023-11-08 13:42:25.571743 UTC,2024-03-18 16:26:57.752646 UTC,CC xxxxxxxxxxxxxxxxxxxxxxxxxxxxxxxxxx,"{""allow_negative_compensatory_counter"":false,""default_meal_type"":""IR"",""productivity_objective"":50,""skip_percentage_for_compensatory_deposit"":false,""uses_timeclock"":false,""wage_ratio_objective"":35}",SANxxxx,951xx,39,France,c7a27280-284e-41c4-8e3f-b498455c5162,False,0,,false,100,false,planning_test,6
76328,Ninxxxxxxxxxxxxxxxxx,63858,2023-08-21 13:31:25.223654 UTC,2023-09-19 10:36:53.579100 UTC,Chaxxxxxxxxxxxxxxxxxxxxxxxxxxxxxxxxxxxxxxx,"{""allow_negative_compensatory_counter"":false,""default_meal_type"":""AN"",""productivity_objective"":50,""skip_percentage_for_compensatory_deposit"":false,""uses_timeclock"":false,""wage_ratio_objective"":35}",IXExxxx,105x,2,Belgique,a385c09f-0dca-4c92-9334-7ca713cdf373,true,0,,false,100,false,regular,6
76541,Mc xxxxxxxx,63858,2023-08-24 15:31:56.599823 UTC,2023-09-19 10:37:06.526975 UTC,Chaxxxxxxxxxxxxxxxxxxxxx,"{""allow_negative_compensatory_counter"":false,""default_meal_type"":""AN"",""productivity_objective"":50,""skip_percentage_for_compensatory_deposit"":false,""uses_timeclock"":false,""wage_ratio_objective"":35}",Ixexxxx,105x,2,Belgique,daee6d04-a22d-43a5-9bfb-cbe820b804ec,0,15,,false,100,false,regular,3
83956,La xxxxxxxxxxxxxxxxxxxxxxxxxxxxxxxxxxxxxxxxxx,70509,2023-12-12 14:35:27.712669 UTC,2023-12-20 12:25:19.572906 UTC,,"{""allow_negative_compensatory_counter"":false,""default_meal_type"":""AN"",""productivity_objective"":50,""skip_percentage_for_compensatory_deposit"":false,""uses_timeclock"":false,""wage_ratio_objective"":35}",,,694,,aef77517-cf7e-41c3-844d-77d391075ad2,FALSE,0,,false,100,false,regular,6
88162,CMGxxxxxxxxxxxx,73406,2024-02-13 16:17:39.826577 UTC,2024-02-13 16:18:16.604123 UTC,62 xxxxxxxxxxxxxxxxxxxxx,"{""allow_negative_compensatory_counter"":false,""default_meal_type"":""AN"",""productivity_objective"":50,""skip_percentage_for_compensatory_deposit"":false,""uses_timeclock"":false,""wage_ratio_objective"":35}",PARxx,750xx,5,France,ea10152b-7ed7-484c-b652-f87db5512568,0,0,,false,100,false,regular,6
88076,BB xxxxxxx,73406,2024-02-12 13:49:08.063054 UTC,2024-02-13 16:08:18.799113 UTC,21 xxxxxxxxxxx,"{""allow_negative_compensatory_counter"":false,""default_meal_type"":""AN"",""productivity_objective"":50,""skip_percentage_for_compensatory_deposit"":false,""uses_timeclock"":false,""wage_ratio_objective"":35}",PARxx,750xx,2,France,c64d5f4c-7131-4043-bc60-1f2e3b3d6e45,FALSE,0,,false,100,false,regular,6
88071,Klax,73406,2024-02-12 13:26:34.308985 UTC,2024-02-12 13:28:02.548106 UTC,4bixxxxxxxxxxxxxxxxxxx,"{""allow_negative_compensatory_counter"":false,""default_meal_type"":""TR"",""productivity_objective"":50,""skip_percentage_for_compensatory_deposit"":false,""uses_timeclock"":false,""wage_ratio_objective"":35}",PARxx,750xx,5,France,06a531de-24ee-46bc-b898-97cd2155fc1b,False,0,,false,100,false,regular,6
88159,Cluxxxxxxxxx,73406,2024-02-13 16:12:17.499753 UTC,2024-02-13 16:14:03.198799 UTC,17 xxxxxxxxxxxxxxxxxx,"{""allow_negative_compensatory_counter"":false,""default_meal_type"":""AN"",""productivity_objective"":50,""skip_percentage_for_compensatory_deposit"":false,""uses_timeclock"":false,""wage_ratio_objective"":35}",PARxx,750xx,5,France,ffdd1681-7841-4d70-bc41-107d67dcecd3,FALSE,0,,false,100,false,regular,6
88160,Cluxxxxxxxxxx,73406,2024-02-13 16:15:34.805199 UTC,2024-02-13 16:16:19.702639 UTC,8 rxxxxxxxxxxxxx,"{""allow_negative_compensatory_counter"":false,""default_meal_type"":""AN"",""productivity_objective"":50,""skip_percentage_for_compensatory_deposit"":false,""uses_timeclock"":false,""wage_ratio_objective"":35}",PARxx,750xx,5,France,bd23a23b-0ccf-4da8-880b-f9280fd1221f,FALSE,0,,false,100,false,regular,6
88073,Blaxxxx,73406,2024-02-12 13:30:36.188456 UTC,2024-02-12 13:31:03.488457 UTC,21 xxxxxxxxxxx,"{""allow_negative_compensatory_counter"":false,""default_meal_type"":""TR"",""productivity_objective"":50,""skip_percentage_for_compensatory_deposit"":false,""uses_timeclock"":false,""wage_ratio_objective"":35}",PARxx,750xx,5,France,919c8e32-ccf2-4535-acc0-0356cf38515c,False,0,,false,100,false,regular,6
88155,Kenxxxxx,73406,2024-02-13 15:57:36.153421 UTC,2024-02-13 16:08:36.197187 UTC,100xxxxxxxxxxxxxxxxxxxxxxxxxxxx,"{""allow_negative_compensatory_counter"":false,""default_meal_type"":""TR"",""productivity_objective"":50,""skip_percentage_for_compensatory_deposit"":false,""uses_timeclock"":false,""wage_ratio_objective"":35}",PARxx,750xx,5,France,75f1cb4f-8b7c-41e0-88f0-5769f5436114,FALSE,0,,false,100,false,regular,6
88164,IMF,73406,2024-02-13 16:19:33.419214 UTC,2024-02-13 16:20:18.927479 UTC,24 xxxxxxxxxxxxxxxx,"{""allow_negative_compensatory_counter"":false,""default_meal_type"":""AN"",""productivity_objective"":50,""skip_percentage_for_compensatory_deposit"":false,""uses_timeclock"":false,""wage_ratio_objective"":35}",PARxx,750xx,5,France,1f4e446c-526f-426c-ab68-010bd9cc8cac,false,0,,false,100,false,regular,6
89200,O'Txxxxxxxxxxxxxx,75219,2024-02-28 14:39:51.719252 UTC,2024-03-24 04:04:14.737364 UTC,145xxxxxxxxxxxxxxxxxxxxxx,"{""allow_negative_compensatory_counter"":false,""default_meal_type"":""AN"",""productivity_objective"":50,""skip_percentage_for_compensatory_deposit"":false,""uses_timeclock"":false,""wage_ratio_objective"":35}",Nouxxx,988xx,2,Nouvelle-Calédonie,66ea8936-fce5-4290-bcb6-d6be7481bf6e,no,0,,false,100,false,regular,6
89365,CANxxxxxxxxxxx,75247,2024-03-01 08:16:14.227324 UTC,2024-03-26 07:55:00.897867 UTC,GRAxxxxxxxxxxxxxxxxxxxxxxxxxxxxxxxxxx,"{""allow_negative_compensatory_counter"":false,""default_meal_type"":""AN"",""productivity_objective"":50,""skip_percentage_for_compensatory_deposit"":false,""uses_timeclock"":false,""wage_ratio_objective"":35}",CARxxxxxx,303xx,629,SPAIN,08dbb537-9f1d-4d9b-bc86-850e5cb70d74,False,20,,false,100,false,to_be_opened,6
89363,CANxxxxxxxxxxxx,75247,2024-03-01 08:13:56.368071 UTC,2024-03-26 07:54:25.617068 UTC,CTRxxxxxxxxxxxxxxxxxxxxxxxxxxxxxxx,"{""allow_negative_compensatory_counter"":false,""default_meal_type"":""AN"",""productivity_objective"":50,""skip_percentage_for_compensatory_deposit"":false,""uses_timeclock"":false,""wage_ratio_objective"":35}",CARxxxxxx,308xx,629,Spain,d27ec71d-b57e-4805-8907-598bb783d71d,no,20,,false,100,false,to_be_opened,6
89364,CANxxxxxxxxxxxxxx,75247,2024-03-01 08:15:10.413639 UTC,2024-03-26 07:54:04.080566 UTC,PLAxxxxxxxxxxxxxxxxxxxxxxxxx,"{""allow_negative_compensatory_counter"":false,""default_meal_type"":""AN"",""productivity_objective"":50,""skip_percentage_for_compensatory_deposit"":false,""uses_timeclock"":false,""wage_ratio_objective"":35}",MAZxxxxx,308xx,629,Spain,f82c9e90-b7b0-454e-8c9c-e5de694e1b1e,False,20,,false,100,false,to_be_opened,6
91401,OFIxxxxxxxxxxxxxxxx,75247,2024-04-02 10:12:31.934101 UTC,2024-04-02 10:12:31.934101 UTC,CL.xxxxxxxxxxxxxxxxxxxxxxxxxxxxx,"{""allow_negative_compensatory_counter"":false,""default_meal_type"":""AN"",""productivity_objective"":50,""skip_percentage_for_compensatory_deposit"":false,""uses_timeclock"":false,""wage_ratio_objective"":35}",CARxxxxxx,302xx,2,,61a2bce3-88ae-4245-b9a8-a4d85d791630,False,0,,false,100,false,regular,6
91609,SASxxxxxxxxxxxxxxx,77311,2024-04-05 05:51:07.733485 UTC,2024-04-05 05:51:07.733485 UTC,,"{""allow_negative_compensatory_counter"":false,""default_meal_type"":""AN"",""productivity_objective"":50,""skip_percentage_for_compensatory_deposit"":false,""uses_timeclock"":false,""wage_ratio_objective"":35}",,,2,,82391a28-a5d9-47ec-989c-ea14f761193d,0,0,,false,100,false,regular,6
4975,MJ xxxxxxxx,3177,2018-05-13 19:47:34.984361 UTC,2023-02-16 10:29:13.663243 UTC,11 xxxxxxxxxxxxxxxxxxxxxxx,"{""allow_negative_compensatory_counter"":true,""default_meal_type"":""AN"",""modulation_enabled"":false,""productivity_objective"":50,""skip_percentage_for_compensatory_deposit"":true,""uses_timeclock"":false,""wage_ratio_objective"":35,""workable_days_in_week"":6}",PARxx,750xx,3,FRANCE,9ee6e7c7-e598-45eb-a6ad-e8b4957456d3,0,30,,false,100,false,regular,0
4183,MJ xxxxxxxxxxxxx,3177,2018-01-23 13:29:50.696020 UTC,2023-10-30 15:40:10.026964 UTC,66 xxxxxxxxxxxxxxxxxxxxxx,"{""allow_negative_compensatory_counter"":true,""annualisation_enabled"":false,""annualisation_use_calendar_year"":true,""annualization_enabled"":false,""annualization_use_calendar_year"":true,""default_meal_type"":""AN"",""modulation_enabled"":false,""productivity_objective"":50,""skip_percentage_for_compensatory_deposit"":true,""starting_month_for_annualisation"":1,""starting_month_for_annualization"":1,""uses_timeclock"":false,""wage_ratio_objective"":35,""workable_days_in_week"":6}",PARxx,750xx,260,FRANCE,9b382e79-8dc7-43e7-8db3-3739b68979ca,FALSE,0,,false,100,false,regular,6
4184,MJ xxxxxxxxxxxxxxxxxxxxx,3177,2018-01-23 13:30:15.693604 UTC,2023-02-16 10:31:12.180559 UTC,45 xxxxxxxxxxxx,"{""allow_negative_compensatory_counter"":true,""annualisation_enabled"":false,""annualisation_use_calendar_year"":true,""default_meal_type"":""AN"",""modulation_enabled"":false,""productivity_objective"":50,""skip_percentage_for_compensatory_deposit"":true,""starting_month_for_annualisation"":1,""uses_timeclock"":false,""wage_ratio_objective"":35,""workable_days_in_week"":6}",PARxx,750xx,3,FRANCE,68027772-c1b3-4cdc-9b62-4658f5c3192d,no,30,,false,100,false,regular,0
4224,MJ xxxxxxxxxxxxxxxxxxxxxx,3177,2018-01-27 19:34:43.410252 UTC,2023-07-18 08:44:39.247269 UTC,23 xxxxxxxxxxxxxxxxxxx,"{""allow_negative_compensatory_counter"":true,""annualisation_enabled"":false,""annualisation_use_calendar_year"":true,""default_meal_type"":""AN"",""modulation_enabled"":false,""productivity_objective"":50,""skip_percentage_for_compensatory_deposit"":true,""starting_month_for_annualisation"":1,""uses_timeclock"":false,""wage_ratio_objective"":35,""workable_days_in_week"":6}",NANxxxxx,920xx,3,FRANCE,7a02b371-a0b3-4f95-813f-d7448b9d884a,False,0,,false,100,false,regular,6
15232,MJ xxxxxxxxxxx,3177,2020-12-29 09:09:40.093668 UTC,2023-02-16 10:28:07.225912 UTC,15 xxxxxxxxxxxxxxxx,"{""allow_negative_compensatory_counter"":true,""default_meal_type"":""AN"",""productivity_objective"":50,""skip_percentage_for_compensatory_deposit"":true,""uses_timeclock"":false,""wage_ratio_objective"":35,""workable_days_in_week"":6}",PARxx,750xx,3,,23d408e0-73e9-4b88-ba51-bf29a3706a7d,FALSE,30,,false,100,false,regular,0
4022,MJ xxxxxx,3177,2018-01-03 10:20:50.360303 UTC,2023-02-16 10:27:37.937980 UTC,56 xxxxxxxxxxxxx,"{""allow_negative_compensatory_counter"":true,""annualisation_enabled"":false,""annualisation_use_calendar_year"":true,""annualization_enabled"":false,""annualization_use_calendar_year"":true,""default_meal_type"":""AN"",""modulation_enabled"":false,""productivity_objective"":50,""skip_percentage_for_compensatory_deposit"":true,""starting_month_for_annualisation"":1,""starting_month_for_annualization"":1,""uses_timeclock"":false,""wage_ratio_objective"":35,""workable_days_in_week"":6}",PARxx,751xxx,3,FRANCE,77d220cf-716d-4fb4-b815-e62d3c797f86,false,30,,false,100,false,regular,0
4016,MJ xxxxxxx,3177,2018-01-03 10:19:42.303548 UTC,2023-07-18 08:44:37.515701 UTC,23 xxxxxxxxxxxxxxx,"{""allow_negative_compensatory_counter"":true,""annualisation_enabled"":false,""annualisation_use_calendar_year"":true,""default_meal_type"":""AN"",""modulation_enabled"":false,""productivity_objective"":50,""skip_percentage_for_compensatory_deposit"":true,""starting_month_for_annualisation"":1,""uses_timeclock"":false,""wage_ratio_objective"":35,""workable_days_in_week"":6}",PARxx,750xx,3,FRANCE,4ca81054-937f-4732-84d2-ba3cc0ca0289,True,0,,false,100,false,regular,6
4020,MJ xxxxxxxx,3177,2018-01-03 10:20:25.969568 UTC,2023-07-18 08:44:37.545427 UTC,8 rxxxxxxxxxxxxxx,"{""allow_negative_compensatory_counter"":true,""annualisation_enabled"":false,""annualisation_use_calendar_year"":true,""default_meal_type"":""AN"",""modulation_enabled"":false,""productivity_objective"":50,""skip_percentage_for_compensatory_deposit"":true,""starting_month_for_annualisation"":1,""uses_timeclock"":false,""wage_ratio_objective"":35,""workable_days_in_week"":6}",PARxx,750xx,3,FRANCE,9e394a57-c33a-46f4-9d4d-4729e356fb58,true,0,,false,100,false,regular,6
4702,MJ xxxxxx,3177,2018-04-05 15:54:23.827804 UTC,2023-02-16 10:31:42.729500 UTC,270xxxxxxxxxxxxxxxxxxxxxx,"{""allow_negative_compensatory_counter"":true,""annualization_enabled"":false,""annualization_use_calendar_year"":true,""default_meal_type"":""AN"",""modulation_enabled"":false,""productivity_objective"":50,""skip_percentage_for_compensatory_deposit"":true,""starting_month_for_annualization"":1,""uses_timeclock"":false,""wage_ratio_objective"":35,""workable_days_in_week"":5}",PARxx,750xx,1,FRANCE,fd5e4e72-3671-4a51-8796-5111a8ca54b5,FALSE,30,,false,100,false,regular,0
4182,MJ xxxxxxxxxxxxxxxxxxx,3177,2018-01-23 13:28:14.761053 UTC,2023-02-16 10:28:38.349121 UTC,56 xxxxxxxxx,"{""allow_negative_compensatory_counter"":true,""annualisation_enabled"":false,""annualisation_use_calendar_year"":true,""annualization_enabled"":false,""annualization_use_calendar_year"":true,""default_meal_type"":""AN"",""modulation_enabled"":false,""productivity_objective"":50,""skip_percentage_for_compensatory_deposit"":true,""starting_month_for_annualisation"":1,""starting_month_for_annualization"":1,""uses_timeclock"":false,""wage_ratio_objective"":35,""workable_days_in_week"":6}",PARxx,750xx,3,FRANCE,5f36728e-fa87-4f06-940e-d70ce70146de,0,30,,false,100,false,holding,0
4018,MJ xxxxxxxxxxxxxxxx,3177,2018-01-03 10:19:57.758514 UTC,2023-09-13 10:00:57.434732 UTC,5 pxxxxxxxxxxxxxxxxxxxxx,"{""allow_negative_compensatory_counter"":true,""annualisation_enabled"":false,""annualisation_use_calendar_year"":true,""annualization_enabled"":false,""annualization_use_calendar_year"":true,""default_meal_type"":""AN"",""modulation_enabled"":false,""productivity_objective"":50,""skip_percentage_for_compensatory_deposit"":true,""starting_month_for_annualisation"":1,""starting_month_for_annualization"":1,""uses_timeclock"":false,""wage_ratio_objective"":35,""workable_days_in_week"":6}",LEVxxxxxxxxxxxxx,923xx,3,FRANCE,8fec9409-1021-44b5-8cf8-4e8b7cdcdf61,TRUE,0,,false,100,false,regular,6
12689,Scoxx,3455,2020-06-18 07:30:05.861181 UTC,2023-07-18 08:46:02.308340 UTC,243xxxxxxxxxxxxxxxxxxx,"{""allow_negative_compensatory_counter"":true,""default_meal_type"":""AN"",""productivity_objective"":50,""skip_percentage_for_compensatory_deposit"":true,""uses_timeclock"":false,""wage_ratio_objective"":35,""workable_days_in_week"":5}",VALxxxx,260xx,508,FRANCE,afeb685a-5457-4d84-a7fc-127071ef2d9a,true,0,,false,100,false,regular,6
6901,Bouxxxxxxxx,3455,2019-01-14 10:43:05.984017 UTC,2023-07-18 08:45:06.432171 UTC,285xxxxxxxxxxxxxxxxxxx,"{""allow_negative_compensatory_counter"":true,""default_meal_type"":""AN"",""modulation_enabled"":false,""productivity_objective"":50,""skip_percentage_for_compensatory_deposit"":true,""uses_timeclock"":false,""wage_ratio_objective"":35,""workable_days_in_week"":5}",Valxxxx,260xx,2,France,c1ae55cf-b8a9-4b99-bc8c-164099597007,False,0,,true,100,false,regular,6
4387,Resxxxxxxxxxxx,3455,2018-02-21 13:48:30.242030 UTC,2023-06-01 13:50:31.602434 UTC,,"{""allow_negative_compensatory_counter"":true,""annualisation_enabled"":false,""annualisation_use_calendar_year"":true,""annualization_enabled"":false,""annualization_use_calendar_year"":true,""default_meal_type"":""AN"",""modulation_enabled"":false,""productivity_objective"":50,""skip_percentage_for_compensatory_deposit"":true,""starting_month_for_annualisation"":1,""starting_month_for_annualization"":1,""uses_timeclock"":false,""wage_ratio_objective"":35,""workable_days_in_week"":5}",,,2,,7a08c50c-5403-4134-8637-ca987c003011,no,30,,true,100,false,regular,0
4401,Bisxxxxxxxxx,3455,2018-02-22 15:55:44.893169 UTC,2024-03-18 09:44:27.476027 UTC,,"{""allow_negative_compensatory_counter"":true,""annualisation_enabled"":false,""annualisation_use_calendar_year"":true,""default_meal_type"":""AN"",""modulation_enabled"":false,""productivity_objective"":50,""skip_percentage_for_compensatory_deposit"":true,""starting_month_for_annualisation"":1,""uses_timeclock"":false,""wage_ratio_objective"":35,""workable_days_in_week"":5}",,,2,,dd224e4a-ef50-47ec-aa6f-756240c6002a,FALSE,0,,true,0,false,regular,6
4400,Hôtxx,3455,2018-02-22 15:30:55.625543 UTC,2023-08-22 12:24:38.126240 UTC,,"{""allow_negative_compensatory_counter"":true,""annualisation_enabled"":false,""annualisation_use_calendar_year"":true,""default_meal_type"":""AN"",""modulation_enabled"":false,""productivity_objective"":50,""skip_percentage_for_compensatory_deposit"":true,""starting_month_for_annualisation"":1,""uses_timeclock"":false,""wage_ratio_objective"":35,""workable_days_in_week"":5}",,,2,,071062e8-4fd3-422b-97df-9d371fb79c4b,False,0,,true,100,false,regular,6
4399,Patxxxxxxx,3455,2018-02-22 15:27:06.458656 UTC,2023-07-18 08:44:40.828926 UTC,,"{""allow_negative_compensatory_counter"":true,""annualisation_enabled"":false,""annualisation_use_calendar_year"":true,""default_meal_type"":""AN"",""modulation_enabled"":false,""productivity_objective"":50,""skip_percentage_for_compensatory_deposit"":true,""starting_month_for_annualisation"":1,""uses_timeclock"":false,""wage_ratio_objective"":35,""workable_days_in_week"":5}",,,2,,0154bfd3-db0f-4dc0-8b82-293d9e2149d9,0,0,,true,100,false,regular,6
12313,L'éxxxxxxx,3455,2020-05-26 13:56:57.065026 UTC,2023-07-18 08:45:58.698811 UTC,,"{""allow_negative_compensatory_counter"":true,""default_meal_type"":""AN"",""productivity_objective"":50,""skip_percentage_for_compensatory_deposit"":true,""uses_timeclock"":false,""wage_ratio_objective"":35,""workable_days_in_week"":5}",,,468,,9cbf5f81-d9bf-407e-b4b9-f9b908567885,0,0,,false,100,false,regular,6
4749,Sièxxxxxxxxxxxxxxxxxxx,3455,2018-04-12 12:13:14.918190 UTC,2023-07-18 08:44:43.732478 UTC,,"{""allow_negative_compensatory_counter"":true,""annualization_enabled"":false,""annualization_use_calendar_year"":true,""default_meal_type"":""AN"",""modulation_enabled"":false,""productivity_objective"":50,""skip_percentage_for_compensatory_deposit"":true,""starting_month_for_annualization"":1,""uses_timeclock"":false,""wage_ratio_objective"":35,""workable_days_in_week"":5}",,,2,,fe523ccc-3991-49cb-85f3-00590aab9e5d,0,0,,true,0,false,regular,6
21392,Espxxxxxxxxxx,3455,2021-07-27 09:46:54.448835 UTC,2023-03-30 15:40:54.160459 UTC,,"{""allow_negative_compensatory_counter"":true,""default_meal_type"":""AN"",""productivity_objective"":50,""skip_percentage_for_compensatory_deposit"":true,""uses_timeclock"":false,""wage_ratio_objective"":35,""workable_days_in_week"":5}",,,2,,0c804648-965d-4ba1-83ad-2111dd2f4a8d,True,30,,true,100,false,regular,0
6632,Comxxxxxxxxxxxxxxxxx,5545,2018-12-11 16:27:14.506254 UTC,2024-01-22 13:07:09.559599 UTC,,"{""allow_negative_compensatory_counter"":true,""default_meal_type"":""AN"",""modulation_enabled"":false,""productivity_objective"":50,""skip_percentage_for_compensatory_deposit"":false,""uses_timeclock"":false,""wage_ratio_objective"":35,""workable_days_in_week"":6}",,,2,,16411638-aa6d-4377-aee3-6fa82558f916,FALSE,0,,false,100,false,regular,6
13231,CHAxxxxxxx,10076,2020-07-31 13:56:33.225443 UTC,2024-01-25 13:58:17.004160 UTC,8 pxxxxxxxxxxxxxxxxxx,"{""allow_negative_compensatory_counter"":true,""default_meal_type"":""AN"",""productivity_objective"":50,""skip_percentage_for_compensatory_deposit"":true,""uses_timeclock"":false,""wage_ratio_objective"":35,""workable_days_in_week"":6}",CHAxxxxxxx,282xx,1,,fbbaa016-72ef-4db7-8f89-06ae82e8888a,False,0,,false,100,false,regular,6
81181,GALxxx,10076,2023-10-30 10:43:16.889542 UTC,2024-02-19 10:17:13.179585 UTC,46 xxxxxxxxxxxxxxxxxxxxxx,"{""allow_negative_compensatory_counter"":true,""default_meal_type"":""AN"",""productivity_objective"":50,""skip_percentage_for_compensatory_deposit"":true,""uses_timeclock"":false,""wage_ratio_objective"":35}",LE xxxx,720xx,216,France,ff8343e6-2dc1-4c74-88cc-35f51bd88e6c,False,30,,false,100,false,regular,6
41578, HOxxxxxxxxxxxxxxxxxxx,10076,2022-08-01 13:16:37.169303 UTC,2024-01-25 13:52:49.467630 UTC,11 xxxxxxxxxx,"{""allow_negative_compensatory_counter"":true,""default_meal_type"":""AN"",""productivity_objective"":50,""skip_percentage_for_compensatory_deposit"":true,""uses_timeclock"":false,""wage_ratio_objective"":35,""workable_days_in_week"":6}",YEVxxx,281xx,1,FRANCE,b33943af-45ac-4ecf-bcb0-d60bb26c9093,no,0,,false,100,false,holding,6
13230,GUIxxxxxxx,10076,2020-07-31 13:56:23.430540 UTC,2024-01-25 13:58:42.568254 UTC,56 xxxxxxxxxxxxxxxxxx,"{""allow_negative_compensatory_counter"":true,""default_meal_type"":""AN"",""productivity_objective"":50,""skip_percentage_for_compensatory_deposit"":true,""uses_timeclock"":false,""wage_ratio_objective"":35,""workable_days_in_week"":6}",CHAxxxxxxx,282xx,1,,1b80b42c-5686-4ee5-88cb-ad8d7c0071c3,no,0,,false,100,false,regular,6
13232,BARxxxxxxxx,10076,2020-07-31 13:56:41.441502 UTC,2024-01-25 13:56:55.174408 UTC,25 xxxxxxxxxxxxxxxxxxxxxxxxxx,"{""allow_negative_compensatory_counter"":true,""default_meal_type"":""AN"",""productivity_objective"":50,""skip_percentage_for_compensatory_deposit"":true,""uses_timeclock"":false,""wage_ratio_objective"":35,""workable_days_in_week"":6}",BARxxxxxxxx,286xx,1,France,a3d9eafa-585b-4643-952e-60a38d3fc869,FALSE,0,,false,100,false,regular,6
47451,LAVxx,10076,2022-10-25 06:44:27.749778 UTC,2024-01-25 13:58:53.014957 UTC,62 xxxxxxxxxxxxxxxxxxxxxx,"{""allow_negative_compensatory_counter"":true,""default_meal_type"":""AN"",""productivity_objective"":50,""skip_percentage_for_compensatory_deposit"":true,""uses_timeclock"":false,""wage_ratio_objective"":35,""workable_days_in_week"":6}",SAIxxxxxxxxxxxx,539xx,1,France,bb7729d4-98a6-40b0-9b78-8817603dcb83,no,30,,false,100,false,to_be_opened,0
13135,BROx,10076,2020-07-23 14:46:27.947518 UTC,2024-01-25 13:57:59.869431 UTC,2 rxxxxxxxxxx,"{""allow_negative_compensatory_counter"":true,""default_meal_type"":""AN"",""productivity_objective"":50,""skip_percentage_for_compensatory_deposit"":true,""uses_timeclock"":false,""wage_ratio_objective"":35,""workable_days_in_week"":6}",BROx,281xx,1,France,b05fea3a-bd27-4b93-b2b1-8b4d7265340a,0,0,,false,100,false,regular,6
36256,LE xxxx,10076,2022-04-29 08:51:06.114909 UTC,2024-01-25 13:59:05.638861 UTC,1 rxxxxxxxxxxxxx,"{""allow_negative_compensatory_counter"":true,""default_meal_type"":""AN"",""productivity_objective"":50,""skip_percentage_for_compensatory_deposit"":true,""uses_timeclock"":false,""wage_ratio_objective"":35,""workable_days_in_week"":6}",LE xxxx,720xx,1,FRANCE,301c1ed3-44b7-4591-b913-82c1b13b8591,no,30,,false,100,false,regular,0
19338,BBKxxxxxxxx,11365,2021-06-08 17:49:51.597449 UTC,2021-07-06 08:34:14.685100 UTC,5 Axxxxxxxxxxxxxxxxxxx,"{""allow_negative_compensatory_counter"":true,""default_meal_type"":""AN"",""productivity_objective"":50,""skip_percentage_for_compensatory_deposit"":false,""uses_timeclock"":false,""wage_ratio_objective"":35,""workable_days_in_week"":6}",St xxxx,772xx,3,France,758f2121-43fd-4447-a610-05fe0dfd2095,0,30,,false,100,false,regular,0
19339,BBKxxxxx,11365,2021-06-08 17:49:57.955030 UTC,2021-06-29 10:15:51.416222 UTC,91 xxxxxxxxxxxxxxxxxx,"{""allow_negative_compensatory_counter"":true,""default_meal_type"":""AN"",""productivity_objective"":50,""skip_percentage_for_compensatory_deposit"":false,""uses_timeclock"":false,""wage_ratio_objective"":35,""workable_days_in_week"":6}",JAUx,608xx,3,France,b130025e-9a56-4501-aa5e-ab21cac27d2b,FALSE,30,,false,100,false,regular,0
14946,LRDx,11365,2020-12-02 09:10:12.264330 UTC,2022-10-17 12:44:49.911380 UTC,251xxxxxxxxxxxxxxxxxxxxx,"{""allow_negative_compensatory_counter"":true,""default_meal_type"":""AN"",""productivity_objective"":50,""skip_percentage_for_compensatory_deposit"":false,""uses_timeclock"":true,""wage_ratio_objective"":35,""workable_days_in_week"":6}",Saixxxxxxxxxx,607xx,3,France,c08b54f7-010e-4d54-aa7b-97578c105e71,False,30,,false,100,false,regular,0
14947,LRDxxxx,11365,2020-12-02 09:44:10.559187 UTC,2021-07-06 09:50:59.318069 UTC,2 axxxxxxxxxxxxxxxxx,"{""allow_negative_compensatory_counter"":true,""default_meal_type"":""AN"",""productivity_objective"":50,""skip_percentage_for_compensatory_deposit"":false,""uses_timeclock"":true,""wage_ratio_objective"":35,""workable_days_in_week"":6}",Comxxxxxx,602xx,3,france,a66f1fd3-abe0-4617-9337-a659b57282c7,False,30,,false,100,false,regular,0
15540,BBKxxxxx,11365,2021-01-20 10:30:07.473494 UTC,2021-07-06 08:33:47.231642 UTC,13 xxxxxxxxxxxxxxxxx,"{""allow_negative_compensatory_counter"":true,""default_meal_type"":""AN"",""productivity_objective"":50,""skip_percentage_for_compensatory_deposit"":false,""uses_timeclock"":false,""wage_ratio_objective"":35,""workable_days_in_week"":6}",Merx,601xx,3,France,eb13aedd-380f-420f-b231-4c76ba8b2e45,no,30,,false,100,false,regular,0
19340,TBKxxxxxxxxx,11365,2021-06-08 17:50:06.855830 UTC,2021-07-09 11:08:07.418739 UTC,Ruexxxxxxxxxxxxxxx,"{""allow_negative_compensatory_counter"":true,""default_meal_type"":""AN"",""productivity_objective"":50,""skip_percentage_for_compensatory_deposit"":false,""uses_timeclock"":false,""wage_ratio_objective"":35,""workable_days_in_week"":6}",Beaxxxxx,600xx,3,France,ddce4db1-976f-411b-b442-4a2b211c8927,0,30,,false,100,false,regular,0
16747,Chaxxxxxxxxxxx,12680,2021-03-26 07:40:11.156497 UTC,2023-03-01 14:04:20.500134 UTC,68 xxxxxxxxxxxxxxxxxx,"{""allow_negative_compensatory_counter"":true,""default_meal_type"":""AN"",""productivity_objective"":52.68,""skip_percentage_for_compensatory_deposit"":false,""uses_timeclock"":false,""wage_ratio_objective"":33,""workable_days_in_week"":5}",PARxx,750xx,2,FRANCE,b1c40256-87b9-4e3a-8b52-bec692eaac4a,true,30,,true,100,false,regular,0
16745,Marxxxx,12680,2021-03-26 07:39:53.897963 UTC,2023-07-18 08:46:45.196062 UTC,54 xxxxxxxxxxxxxxxx,"{""allow_negative_compensatory_counter"":true,""default_meal_type"":""AN"",""productivity_objective"":53.43,""skip_percentage_for_compensatory_deposit"":false,""uses_timeclock"":false,""wage_ratio_objective"":33,""workable_days_in_week"":5}",PARxx,750xx,2,FRANCE,71bd8452-3587-40aa-943e-b11ca657454d,true,0,,true,100,false,regular,6
16739,Monxxxxxxxx,12680,2021-03-26 07:39:07.982810 UTC,2023-07-18 08:46:45.164617 UTC,2 Rxxxxxxxxxxxxxxxxxxxxxx,"{""allow_negative_compensatory_counter"":true,""default_meal_type"":""AN"",""productivity_objective"":55.98,""skip_percentage_for_compensatory_deposit"":false,""uses_timeclock"":false,""wage_ratio_objective"":33,""workable_days_in_week"":5}",PARxx,750xx,2,FRANCE,52a471bb-2ab9-4105-8bf9-2df322d1089a,true,0,,true,100,false,closed,6
16746,Brexxxxx,12680,2021-03-26 07:39:59.953289 UTC,2023-08-01 06:55:53.682252 UTC,29 xxxxxxxxxxxxxxx,"{""allow_negative_compensatory_counter"":true,""default_meal_type"":""AN"",""productivity_objective"":52.49,""skip_percentage_for_compensatory_deposit"":false,""uses_timeclock"":false,""wage_ratio_objective"":33,""workable_days_in_week"":5}",PARxx,750xx,2,FRANCE,7c0a4e78-b907-4d37-b24b-4a9ec84ce761,True,0,,true,100,false,closed,6
16744,Lepxx,12680,2021-03-26 07:39:46.730874 UTC,2023-07-18 08:46:45.186658 UTC,31 xxxxxxxxx,"{""allow_negative_compensatory_counter"":true,""default_meal_type"":""AN"",""productivity_objective"":56.47,""skip_percentage_for_compensatory_deposit"":false,""uses_timeclock"":false,""wage_ratio_objective"":33,""workable_days_in_week"":5}",PARxx,750xx,2,FRANCE,d7997787-18fb-4c63-92bc-ac9afd79bd9f,False,0,,true,100,false,regular,6
16740,Varxxxx,12680,2021-03-26 07:39:18.901738 UTC,2022-03-09 14:00:01.671905 UTC,25 xxxxxxxxxxxxxx,"{""allow_negative_compensatory_counter"":true,""default_meal_type"":""AN"",""productivity_objective"":63.85,""skip_percentage_for_compensatory_deposit"":false,""uses_timeclock"":false,""wage_ratio_objective"":33,""workable_days_in_week"":5}",PARxx,750xx,2,FRANCE,3b509b32-2cc6-4c4e-9319-e84f11c22959,0,30,,true,100,false,regular,0
16738,Marxxxxxxxxxxxx,12680,2021-03-26 07:38:59.256349 UTC,2023-07-18 08:46:45.153496 UTC,18/xxxxxxxxxxxxxxxxxxxx,"{""allow_negative_compensatory_counter"":true,""default_meal_type"":""AN"",""productivity_objective"":50,""skip_percentage_for_compensatory_deposit"":false,""uses_timeclock"":false,""wage_ratio_objective"":35,""workable_days_in_week"":5}",PARxx,750xx,2,FRANCE,8f99195f-db45-472e-9fa4-fefc197eafee,no,0,,true,100,false,regular,6
16737,Saixxxxxxxxx,12680,2021-03-26 07:38:31.740793 UTC,2023-07-18 08:46:45.144161 UTC,18 xxxxxxxxxxxxxxxxxxxxxxxxxxxx,"{""allow_negative_compensatory_counter"":true,""default_meal_type"":""AN"",""productivity_objective"":59.15,""skip_percentage_for_compensatory_deposit"":false,""uses_timeclock"":false,""wage_ratio_objective"":33,""workable_days_in_week"":5}",PARxx,750xx,2,FRANCE,0824e5b8-29cc-4aff-926d-49e009b60ae1,false,0,,true,100,false,regular,6
16749,Bouxxx,12680,2021-03-26 07:40:23.240780 UTC,2023-07-18 08:46:45.232311 UTC,33 xxxxxxxxxxxxx,"{""allow_negative_compensatory_counter"":true,""default_meal_type"":""AN"",""productivity_objective"":51.68,""skip_percentage_for_compensatory_deposit"":false,""uses_timeclock"":false,""wage_ratio_objective"":33,""workable_days_in_week"":5}",PARxx,750xx,2,FRANCE,6baede04-acf0-4463-8b39-f25a7173f307,1,0,,true,100,false,regular,6
16743,Chaxxxxx,12680,2021-03-26 07:39:39.738196 UTC,2022-12-06 13:08:35.879927 UTC,18/xxxxxxxxxxxxxxxxxx,"{""allow_negative_compensatory_counter"":true,""default_meal_type"":""AN"",""productivity_objective"":60.81,""skip_percentage_for_compensatory_deposit"":false,""uses_timeclock"":false,""wage_ratio_objective"":33,""workable_days_in_week"":5}",PARxx,750xx,2,FRANCE,b34367e7-5587-48f2-ac63-779a44a61aaa,0,30,,true,100,false,regular,0
16742,Vicxxxxxxxx,12680,2021-03-26 07:39:31.398965 UTC,2023-07-18 08:46:45.177243 UTC,150xxxxxxxxxxxxxxxxxxx,"{""allow_negative_compensatory_counter"":true,""default_meal_type"":""AN"",""productivity_objective"":62.2,""skip_percentage_for_compensatory_deposit"":false,""uses_timeclock"":false,""wage_ratio_objective"":33,""workable_days_in_week"":5}",PARxx,750xx,2,FRANCE,0f336668-4397-4d4a-9382-b26cdd1e9859,no,0,,true,100,false,regular,6
16741,Vicxxxxxx,12680,2021-03-26 07:39:25.594979 UTC,2023-06-22 10:15:37.748420 UTC,5 Rxxxxxxxxxxxxxxxxxxxx,"{""allow_negative_compensatory_counter"":true,""default_meal_type"":""AN"",""productivity_objective"":61.19,""skip_percentage_for_compensatory_deposit"":false,""uses_timeclock"":false,""wage_ratio_objective"":33,""workable_days_in_week"":5}",PARxx,750xx,2,FRANCE,4f34f0a8-7db3-45cf-98ce-50293627dbce,0,30,,true,100,false,regular,0
16748,Lesxxxxxxx,12680,2021-03-26 07:40:18.368685 UTC,2023-07-18 08:46:45.222765 UTC,97 xxxxxxxxxxxxxx,"{""allow_negative_compensatory_counter"":true,""default_meal_type"":""AN"",""productivity_objective"":60.63,""skip_percentage_for_compensatory_deposit"":false,""uses_timeclock"":false,""wage_ratio_objective"":33,""workable_days_in_week"":5}",PARxx,750xx,2,FRANCE,3a4df3b8-978b-4eb2-aaf1-11baab6f7fed,no,0,,true,100,false,regular,6
20866,Hôtxxxxxxxxxxxxxxxxxxxxxxxxxxxxxxxx,15686,2021-07-12 11:31:37.586264 UTC,2023-07-18 08:47:34.980322 UTC,,"{""allow_negative_compensatory_counter"":true,""default_meal_type"":""IR"",""productivity_objective"":50,""skip_percentage_for_compensatory_deposit"":true,""uses_timeclock"":false,""wage_ratio_objective"":35,""workable_days_in_week"":6}",,,2,,081bdd68-e64c-42c8-b564-7c84e2fe5290,FALSE,0,,true,100,false,closed,6
20865,Hôtxxxxxxxxxxxxxxxxxxxxxxxxxxxxxx,15686,2021-07-12 11:31:28.257777 UTC,2023-07-18 08:47:34.963770 UTC,33 xxxxxxxxxxxxxxxxxxx,"{""allow_negative_compensatory_counter"":true,""default_meal_type"":""IR"",""productivity_objective"":50,""skip_percentage_for_compensatory_deposit"":false,""uses_timeclock"":false,""wage_ratio_objective"":35,""workable_days_in_week"":6}",ROUxx,760xx,2,,0a8c49bc-a31b-4825-bfba-e0a5b005229f,no,0,,true,100,false,regular,6
20867,Hôtxxxxxxxxxxxxxxxxxxxxxxxxx,15686,2021-07-12 11:31:52.161345 UTC,2023-07-18 08:47:35.002142 UTC,2 rxxxxxxxxxxxx,"{""allow_negative_compensatory_counter"":true,""default_meal_type"":""IR"",""productivity_objective"":50,""skip_percentage_for_compensatory_deposit"":false,""uses_timeclock"":false,""wage_ratio_objective"":35,""workable_days_in_week"":6}",Biaxxxxx,642xx,2,France,d8022110-e0f6-4606-9a3a-641adac403ac,false,0,,true,100,false,regular,6
52371,phaxxxxxxxxxxxxxxxx,41660,2022-12-21 16:18:00.917927 UTC,2024-03-25 13:37:49.714495 UTC, 8 xxxxxxxxxxxx,"{""allow_negative_compensatory_counter"":true,""default_meal_type"":""AN"",""productivity_objective"":50,""skip_percentage_for_compensatory_deposit"":true,""uses_timeclock"":false,""wage_ratio_objective"":35}",Nanxxx,440xx,742,france,25f4a586-41ec-42c1-91c1-fb8b2dfeeabc,false,0,,false,100,false,regular,6
52368,phaxxxxxxxxxxxxxxxxxxxx,41660,2022-12-21 16:16:29.573756 UTC,2023-12-06 14:37:24.872548 UTC,9 rxxxxxxxxxxxx,"{""allow_negative_compensatory_counter"":true,""default_meal_type"":""AN"",""productivity_objective"":50,""skip_percentage_for_compensatory_deposit"":true,""uses_timeclock"":false,""wage_ratio_objective"":35}",Nanxxx,440xx,742,france,18239f8d-802e-4d04-b0a6-3aa8f4d60729,no,60,,false,100,false,regular,0
51770,Phaxxxxxxxxxxxxxxx,41660,2022-12-13 13:32:48.741695 UTC,2023-11-24 15:47:03.814945 UTC,17 xxxxxxxxxxxxxx,"{""allow_negative_compensatory_counter"":true,""default_meal_type"":""AN"",""productivity_objective"":50,""skip_percentage_for_compensatory_deposit"":true,""uses_timeclock"":false,""wage_ratio_objective"":35,""workable_days_in_week"":5}",Nanxxx,440xx,742,france,6a0848b0-a915-4415-babe-1c4dea077b7b,FALSE,60,,false,100,false,regular,0
52373,ALLxxxxxxxxxxxxxxx,41660,2022-12-21 16:19:27.873294 UTC,2023-11-24 15:48:18.601911 UTC,26 xxxxxxxxxxxxxxxx,"{""allow_negative_compensatory_counter"":true,""default_meal_type"":""TR"",""productivity_objective"":50,""skip_percentage_for_compensatory_deposit"":true,""uses_timeclock"":false,""wage_ratio_objective"":35}",Nanxxx,440xx,742,france,0bf7675f-86fc-4d44-8497-81b2756a966c,FALSE,30,,false,100,false,regular,0
52369,phaxxxxxxxxxxxxxxxxx,41660,2022-12-21 16:16:43.283676 UTC,2023-11-24 15:50:28.946271 UTC,Garxxxxxxxxxxxxxxxxxxxxxxxxxxxxxxxxxxxxx,"{""allow_negative_compensatory_counter"":true,""default_meal_type"":""AN"",""productivity_objective"":50,""skip_percentage_for_compensatory_deposit"":true,""uses_timeclock"":false,""wage_ratio_objective"":35}",Nanxxx,440xx,742,france,28358897-d174-4e40-882d-92f1a2b9f51e,false,75,,false,100,false,regular,0
54944,GE xxxxxxxxxxxxxxxxxxxx,41660,2023-01-23 14:57:04.158320 UTC,2023-11-24 15:49:28.092972 UTC,17 xxxxxxxxxxxxxx,"{""allow_negative_compensatory_counter"":true,""default_meal_type"":""AN"",""productivity_objective"":50,""skip_percentage_for_compensatory_deposit"":true,""uses_timeclock"":false,""wage_ratio_objective"":35}",Nanxxx,440xx,742,france,b794b8a1-a811-4abe-bb9f-b3ec819bb2e6,FALSE,0,,false,100,false,holding,6
52367,phaxxxxxxxxxxxxxxxx,41660,2022-12-21 16:16:14.585334 UTC,2023-02-10 10:25:27.692290 UTC,8 axxxxxxxxxxxxxxxxxxxxxx,"{""allow_negative_compensatory_counter"":true,""default_meal_type"":""AN"",""productivity_objective"":50,""skip_percentage_for_compensatory_deposit"":true,""uses_timeclock"":false,""wage_ratio_objective"":35}",Saixxxxxxxxxxx,448xx,8,France,3b3532fc-bf13-40ad-b70c-5d00037dcea8,0,60,,false,100,false,regular,0
71387,CINxxxxxxxxxxxxxxxx,55877,2023-06-12 15:54:49.135464 UTC,2024-03-18 16:26:30.485802 UTC,7 Rxxxxxxxxxxxxxx,"{""allow_negative_compensatory_counter"":true,""default_meal_type"":""IR"",""productivity_objective"":50,""skip_percentage_for_compensatory_deposit"":true,""uses_timeclock"":false,""wage_ratio_objective"":35}",CHAxxxxx,280xx,26,FRANCE,3ea41c6d-6af0-4c0b-9393-5c2e28d38979,False,60,,false,100,false,planning_test,6
81795,GCBxxxxxxxxxxxxx,55877,2023-11-08 14:49:49.036647 UTC,2024-03-18 16:27:48.605914 UTC,CC xxxxxxxx,"{""allow_negative_compensatory_counter"":true,""default_meal_type"":""IR"",""productivity_objective"":50,""skip_percentage_for_compensatory_deposit"":true,""uses_timeclock"":false,""wage_ratio_objective"":35}",SARxxxxxx,952xx,26,France,78bffcb3-939d-4819-bc19-45ba9fac1013,0,60,,false,100,false,planning_test,6
67403, Sexxxxxxxxx,55877,2023-04-21 14:04:45.206908 UTC,2024-04-02 09:00:22.617791 UTC,-,"{""allow_negative_compensatory_counter"":true,""default_meal_type"":""AN"",""productivity_objective"":50,""skip_percentage_for_compensatory_deposit"":true,""uses_timeclock"":false,""wage_ratio_objective"":35}",-,-,26,-,8715abd2-6acc-424f-8c49-eb8419d7d950,false,30,,false,100,false,regular,6
81775,CINxxxxxxxxxxxxxxxxxxxxxxx,55877,2023-11-08 13:49:54.899797 UTC,2024-03-18 16:26:43.395662 UTC,CC xxxxxxxxxxxxxxxxxxxxxxxxx,"{""allow_negative_compensatory_counter"":true,""default_meal_type"":""AN"",""productivity_objective"":50,""skip_percentage_for_compensatory_deposit"":true,""uses_timeclock"":false,""wage_ratio_objective"":35}",LIVxxxxxxxxx,931xx,26,France,5fad4c5e-1243-4772-a450-787b8edc2d86,FALSE,60,,false,100,false,planning_test,6
81697, Sexxxxxxxx,55877,2023-11-07 12:38:22.420170 UTC,2024-02-07 08:02:52.709000 UTC,-,"{""allow_negative_compensatory_counter"":true,""default_meal_type"":""AN"",""productivity_objective"":50,""skip_percentage_for_compensatory_deposit"":true,""uses_timeclock"":false,""wage_ratio_objective"":35}",-,-,26,-,e14006f4-a66c-4045-b8cb-dd3116886a1b,no,30,,false,100,false,regular,6
81794,GCBxxxxxxxxxxxxx,55877,2023-11-08 14:47:25.429613 UTC,2024-03-18 16:27:42.898180 UTC,CC xxxxxxxxxxxxxxxxxxxxxxxxxxxxxxxxxxxxxxx,"{""allow_negative_compensatory_counter"":true,""default_meal_type"":""IR"",""productivity_objective"":50,""skip_percentage_for_compensatory_deposit"":true,""uses_timeclock"":false,""wage_ratio_objective"":35}",CLIxxxxxxxxxxxxx,933xx,26,France,c62b87e4-f92b-452e-b7ac-65c7015e6358,False,60,,false,100,false,planning_test,6
81773,CINxxxxxxxxxxxxxxxxxx,55877,2023-11-08 13:46:47.328050 UTC,2024-03-18 16:26:51.621316 UTC,88-xxxxxxxxxxxxxxxxxxxxxxx,"{""allow_negative_compensatory_counter"":true,""default_meal_type"":""IR"",""productivity_objective"":50,""skip_percentage_for_compensatory_deposit"":true,""uses_timeclock"":false,""wage_ratio_objective"":35}",ASNxxxxxxxxxxxxxxx,926xx,39,France,0a04bfb6-c86a-4473-a66a-34f6681fc8e1,no,60,,false,100,false,planning_test,6
81799,GCBxxxxxxxxxxxx,55877,2023-11-08 15:01:03.424101 UTC,2024-03-18 16:27:18.447911 UTC,CC xxxxxxxxxxxxx,"{""allow_negative_compensatory_counter"":true,""default_meal_type"":""IR"",""productivity_objective"":50,""skip_percentage_for_compensatory_deposit"":true,""uses_timeclock"":false,""wage_ratio_objective"":35}",VILxxxxxxx,410xx,26,France,db5a36f8-3da4-4b6a-a14a-b1964c3d710b,false,60,,false,100,false,planning_test,6
68054, Sexxxxxxxx,55877,2023-05-01 19:02:43.560409 UTC,2024-02-07 08:04:04.732444 UTC, -,"{""allow_negative_compensatory_counter"":true,""default_meal_type"":""AN"",""productivity_objective"":50,""skip_percentage_for_compensatory_deposit"":true,""uses_timeclock"":false,""wage_ratio_objective"":35}", -, -,26, -,7c07a735-8f83-44f0-ad21-632aff29150c,FALSE,30,,false,100,false,regular,6
67401, Sexxxxxxxx,55877,2023-04-21 14:02:50.625726 UTC,2024-02-07 08:03:39.373496 UTC,-,"{""allow_negative_compensatory_counter"":true,""default_meal_type"":""AN"",""productivity_objective"":50,""skip_percentage_for_compensatory_deposit"":true,""uses_timeclock"":false,""wage_ratio_objective"":35}",-,-,26,-,f1d377f4-5dfd-4dbe-a666-6fe6380c81db,no,30,,false,100,false,regular,6
81786,GCBxxxxxxxxxxxxxx,55877,2023-11-08 14:24:13.401787 UTC,2024-03-18 16:28:11.485981 UTC,38 xxxxxxxxxxxx,"{""allow_negative_compensatory_counter"":true,""default_meal_type"":""IR"",""productivity_objective"":50,""skip_percentage_for_compensatory_deposit"":true,""uses_timeclock"":false,""wage_ratio_objective"":35}",LUNxxxxxx,543xx,26,France,19386505-3530-498c-b644-0eca80e2dac1,no,60,,false,100,false,planning_test,6
81785,GCBxxxxxxxxxxxxxx,55877,2023-11-08 14:21:51.569360 UTC,2024-03-18 16:28:07.763053 UTC,CC xxxxxxxxxxxxxxxxxxxxxx,"{""allow_negative_compensatory_counter"":true,""default_meal_type"":""IR"",""productivity_objective"":50,""skip_percentage_for_compensatory_deposit"":true,""uses_timeclock"":false,""wage_ratio_objective"":35}",FROxxxx,543xx,26,France,31ddb940-8a18-4113-aa19-896da558a1c4,False,60,,false,100,false,planning_test,6
71165, Sexxxxxxxx,55877,2023-06-09 11:00:25.462427 UTC,2024-02-07 08:02:33.992051 UTC,-,"{""allow_negative_compensatory_counter"":true,""default_meal_type"":""AN"",""productivity_objective"":50,""skip_percentage_for_compensatory_deposit"":true,""uses_timeclock"":false,""wage_ratio_objective"":35}",-,-,26,-,ac6cd320-b185-4fff-9834-a86887b3f86c,False,30,,false,100,false,regular,6
81791,GCBxxxxxxxxxxxxx,55877,2023-11-08 14:33:06.032375 UTC,2024-03-18 16:27:37.648475 UTC,CC xxxxxxxxx,"{""allow_negative_compensatory_counter"":true,""default_meal_type"":""IR"",""productivity_objective"":50,""skip_percentage_for_compensatory_deposit"":true,""uses_timeclock"":false,""wage_ratio_objective"":35}",FLExxxxxxxxxxxxxxxx,591xx,39,France,001e6a06-422b-44ea-9d0a-d8b9a9cca8fd,FALSE,60,,false,100,false,planning_test,6
81776,GCBxxxxxxxxxxxxxxxxxx,55877,2023-11-08 13:58:50.230091 UTC,2024-03-18 16:27:53.503287 UTC,22-xxxxxxxxxxxxxxxxxx,"{""allow_negative_compensatory_counter"":true,""default_meal_type"":""IR"",""productivity_objective"":50,""skip_percentage_for_compensatory_deposit"":true,""uses_timeclock"":false,""wage_ratio_objective"":35}",COUxxxxxxxx,771xx,26,France,53f259ea-c8d3-4978-828c-36ce2b21a72a,False,60,,false,100,false,planning_test,6
81796,GCBxxxxxxxxxxx,55877,2023-11-08 14:52:00.118302 UTC,2024-03-18 16:28:23.410644 UTC,CC xxxxxxxxxxxxxxxxxxxxxxxxxxxxx,"{""allow_negative_compensatory_counter"":true,""default_meal_type"":""IR"",""productivity_objective"":50,""skip_percentage_for_compensatory_deposit"":true,""uses_timeclock"":false,""wage_ratio_objective"":35}",ORLx,943xx,26,France,fb862cd0-56f3-4e02-919c-9799ee4b1a93,no,60,,false,100,false,planning_test,6
81696, Sexxxxxxxx,55877,2023-11-07 12:37:35.804153 UTC,2024-02-07 08:03:00.257404 UTC,-,"{""allow_negative_compensatory_counter"":true,""default_meal_type"":""AN"",""productivity_objective"":50,""skip_percentage_for_compensatory_deposit"":true,""uses_timeclock"":false,""wage_ratio_objective"":35}",-,-,26,-,f96954c9-2b93-46b1-a760-3b39cbbd112a,no,60,,false,100,false,regular,6
81788,GCBxxxxxxxxxxx,55877,2023-11-08 14:26:35.077954 UTC,2024-03-18 16:28:30.840486 UTC,CC xxxxxxxxxxxxxx,"{""allow_negative_compensatory_counter"":true,""default_meal_type"":""IR"",""productivity_objective"":50,""skip_percentage_for_compensatory_deposit"":true,""uses_timeclock"":false,""wage_ratio_objective"":35}",ACHxxxx,782xx,26,France,87c786a4-42d4-4311-ae40-c090b771a1d6,false,0,,false,100,false,planning_test,6
81798,GCBxxxxxxxxxxx,55877,2023-11-08 14:58:48.226964 UTC,2024-03-18 16:28:17.176678 UTC,21 xxxxxxxxxxxx,"{""allow_negative_compensatory_counter"":true,""default_meal_type"":""IR"",""productivity_objective"":50,""skip_percentage_for_compensatory_deposit"":true,""uses_timeclock"":false,""wage_ratio_objective"":35}",MANxxxxxxxxxxxx,782xx,26,France,a42fc2cd-105c-44fb-a35a-bfa7699c0b9b,no,60,,false,100,false,planning_test,6
71386,CINxxxxxxxxxxxxxxxx,55877,2023-06-12 15:54:37.314744 UTC,2024-03-18 16:26:36.648540 UTC,CCixxxxxxxxxxxxxxxxxxxxxxxxxxxxx,"{""allow_negative_compensatory_counter"":true,""default_meal_type"":""IR"",""productivity_objective"":50,""skip_percentage_for_compensatory_deposit"":true,""uses_timeclock"":false,""wage_ratio_objective"":35}",DRExx,281xx,26,FRANCE,9610729f-bcac-46f2-ad1a-89a7e047727b,FALSE,60,,false,100,false,planning_test,6
81771,CINxxxxxxxxxxxxxxxxxx,55877,2023-11-08 13:31:38.589959 UTC,2024-03-18 16:25:40.524666 UTC,CC xxxxxxxxxxxxxxxxxxxxxxxxxxxxxxxxxxxxxxxx,"{""allow_negative_compensatory_counter"":true,""default_meal_type"":""IR"",""productivity_objective"":50,""skip_percentage_for_compensatory_deposit"":true,""uses_timeclock"":false,""wage_ratio_objective"":35}",CHExxxx,775xx,26,France,d43f442e-abd8-4698-86e6-5b829697291d,0,60,,false,100,false,planning_test,6
81778,CINxxxxxxxxxxxxxxxxx,55877,2023-11-08 14:09:09.002727 UTC,2024-03-18 16:27:12.929361 UTC,CC xxxxxxxxxxxxxxxxxxxxxxxxxxxxxxxxx,"{""allow_negative_compensatory_counter"":true,""default_meal_type"":""IR"",""productivity_objective"":50,""skip_percentage_for_compensatory_deposit"":true,""uses_timeclock"":false,""wage_ratio_objective"":35}",SAIxxxxxxxxxxxxxxxxxxxxx,104xx,26,France,ffb37b6d-299b-42f4-9dda-8de0a7bd2242,false,60,,false,100,false,planning_test,6
81793,GCBxxxxxxxxxxxxx,55877,2023-11-08 14:39:51.296396 UTC,2024-03-18 16:27:32.381402 UTC,Citxxxxxxxxxxxxxxxxxxxxxxxxxxxxxxxxxxxxxxxxxxx,"{""allow_negative_compensatory_counter"":true,""default_meal_type"":""IR"",""productivity_objective"":50,""skip_percentage_for_compensatory_deposit"":true,""uses_timeclock"":false,""wage_ratio_objective"":35}",COQxxxxxx,622xx,39,France,0e6bdd01-21e9-477b-9924-53835c0d5ce8,false,60,,false,100,false,planning_test,6
71395,GCBxxxxxxxxxxxxx,55877,2023-06-12 17:01:23.782694 UTC,2024-03-18 16:27:25.398796 UTC,CC xxxxxxxxxxxxxxxxxxxxxxxxxxxxxxxxx,"{""allow_negative_compensatory_counter"":true,""default_meal_type"":""IR"",""productivity_objective"":50,""skip_percentage_for_compensatory_deposit"":true,""uses_timeclock"":false,""wage_ratio_objective"":35}",CALxxx,621xx,39,FRANCE,2b6a0ba2-6b5b-4799-92a7-db96baadab22,FALSE,60,,false,100,false,planning_test,6
81783,CINxxxxxxxxxxxxxxxxx,55877,2023-11-08 14:15:59.212732 UTC,2024-03-18 16:27:07.714962 UTC,CC xxxxxxxxxxxxxxxxxxxx,"{""allow_negative_compensatory_counter"":true,""default_meal_type"":""IR"",""productivity_objective"":50,""skip_percentage_for_compensatory_deposit"":true,""uses_timeclock"":false,""wage_ratio_objective"":35}",ST xxxxxxxxxxxxxx,891xx,26,France,d23e3609-86b4-43d3-a8c6-3e7366f0c1e8,FALSE,60,,false,100,false,planning_test,6
81777,GCBxxxxxxxxxxxxxxxxxx,55877,2023-11-08 14:02:11.562715 UTC,2024-03-18 16:27:58.205195 UTC,69 xxxxxxxxxx,"{""allow_negative_compensatory_counter"":true,""default_meal_type"":""AN"",""productivity_objective"":50,""skip_percentage_for_compensatory_deposit"":true,""uses_timeclock"":false,""wage_ratio_objective"":35}",FONxxxxxxxxxx,773xx,26,France,3a3ad378-5604-4b2e-a396-9197b5f831ca,False,60,,false,100,false,planning_test,6
67761,L'Axxxxxxxxxxxxxx,56199,2023-04-27 09:31:35.000822 UTC,2023-06-01 20:46:50.341755 UTC,45 xxxxxxxxxxxxxxxxx,"{""allow_negative_compensatory_counter"":true,""default_meal_type"":""AN"",""productivity_objective"":50,""skip_percentage_for_compensatory_deposit"":false,""uses_timeclock"":false,""wage_ratio_objective"":35}",Aixxxxxxxxxxx,731xx,2,France,41cad12d-fca5-45d2-b86a-0eaba15f122d,false,30,,false,100,false,regular,0
87109,Kenxxxxxx,73406,2024-01-30 15:08:33.355046 UTC,2024-03-25 13:58:16.885688 UTC,"62,xxxxxxxxxxxxxxxxxxxxxx","{""allow_negative_compensatory_counter"":true,""default_meal_type"":""TR"",""productivity_objective"":50,""skip_percentage_for_compensatory_deposit"":true,""uses_timeclock"":false,""wage_ratio_objective"":35}",PARxx,750xx,31,FRANCE,12c7b22c-e1d3-4259-b31e-f70eca0426de,False,60,,false,100,false,regular,
89360,CANxxxxxxxxxxxxxxxxxxx,75247,2024-03-01 08:08:53.337493 UTC,2024-04-08 11:49:50.797899 UTC,CL.xxxxxxxxxxxxxxxxxxxxxxxxx,"{""allow_negative_compensatory_counter"":true,""default_meal_type"":""AN"",""productivity_objective"":50,""skip_percentage_for_compensatory_deposit"":false,""uses_timeclock"":false,""wage_ratio_objective"":35}",CARxxxxxx,303xx,629,Spain,18ff2590-71a9-4c94-870d-ba242f19f8cc,no,20,,false,100,false,regular,6
89234,LA xxxxxxx,75247,2024-02-28 17:58:32.996717 UTC,2024-04-08 11:51:19.259034 UTC,POLxxxxxxxxxxxxxxxxxxxxxxxxxxxxxxxxxxxxxxx,"{""allow_negative_compensatory_counter"":true,""default_meal_type"":""AN"",""productivity_objective"":50,""skip_percentage_for_compensatory_deposit"":false,""uses_timeclock"":false,""wage_ratio_objective"":35}",La xxxxxxxxxxxxxxxx,303xx,629,ESPAÑA,f35d313d-d339-4f73-a5d5-4b51b079e8d5,false,20,,false,100,false,regular,6
89362,CANxxxxxxxxxxxxxx,75247,2024-03-01 08:11:40.298357 UTC,2024-04-08 11:49:59.451868 UTC,CL.xxxxxxxxxxxxxxxxxxxxxxxxxxxxxxxxxxxxxx,"{""allow_negative_compensatory_counter"":true,""default_meal_type"":""AN"",""productivity_objective"":50,""skip_percentage_for_compensatory_deposit"":false,""uses_timeclock"":false,""wage_ratio_objective"":35}",PULxx,046xx,744,Spain,87c82873-45a0-4dfe-ba96-26f9e29bdda7,false,20,,false,100,false,regular,6
